weights,aligns
"(0, 0, 0, 0)",0.49
"(0, 0, 0, 1)",0.5125
"(0, 0, 0, 2)",0.5125
"(0, 0, 0, 4)",0.5125
"(0, 0, 0, 8)",0.5125
"(0, 0, 0, 16)",0.5125
"(0, 0, 0, 32)",0.5125
"(0, 0, 0, 64)",0.5125
"(0, 0, 1, 0)",0.5125
"(0, 0, 1, 1)",0.5125
"(0, 0, 1, 2)",0.5125
"(0, 0, 1, 4)",0.5125
"(0, 0, 1, 8)",0.5125
"(0, 0, 1, 16)",0.5125
"(0, 0, 1, 32)",0.5125
"(0, 0, 1, 64)",0.5125
"(0, 0, 2, 0)",0.5125
"(0, 0, 2, 1)",0.5125
"(0, 0, 2, 2)",0.5125
"(0, 0, 2, 4)",0.5125
"(0, 0, 2, 8)",0.5125
"(0, 0, 2, 16)",0.5125
"(0, 0, 2, 32)",0.5125
"(0, 0, 2, 64)",0.5125
"(0, 0, 4, 0)",0.5125
"(0, 0, 4, 1)",0.5125
"(0, 0, 4, 2)",0.5125
"(0, 0, 4, 4)",0.5125
"(0, 0, 4, 8)",0.5125
"(0, 0, 4, 16)",0.5125
"(0, 0, 4, 32)",0.5125
"(0, 0, 4, 64)",0.5125
"(0, 0, 8, 0)",0.5125
"(0, 0, 8, 1)",0.5125
"(0, 0, 8, 2)",0.5125
"(0, 0, 8, 4)",0.5125
"(0, 0, 8, 8)",0.5125
"(0, 0, 8, 16)",0.5125
"(0, 0, 8, 32)",0.5125
"(0, 0, 8, 64)",0.5125
"(0, 0, 16, 0)",0.5125
"(0, 0, 16, 1)",0.5125
"(0, 0, 16, 2)",0.5125
"(0, 0, 16, 4)",0.5125
"(0, 0, 16, 8)",0.5125
"(0, 0, 16, 16)",0.5125
"(0, 0, 16, 32)",0.5125
"(0, 0, 16, 64)",0.5125
"(0, 0, 32, 0)",0.5125
"(0, 0, 32, 1)",0.5125
"(0, 0, 32, 2)",0.5125
"(0, 0, 32, 4)",0.5125
"(0, 0, 32, 8)",0.5125
"(0, 0, 32, 16)",0.5125
"(0, 0, 32, 32)",0.5125
"(0, 0, 32, 64)",0.5125
"(0, 0, 64, 0)",0.5125
"(0, 0, 64, 1)",0.5125
"(0, 0, 64, 2)",0.5125
"(0, 0, 64, 4)",0.5125
"(0, 0, 64, 8)",0.5125
"(0, 0, 64, 16)",0.5125
"(0, 0, 64, 32)",0.5125
"(0, 0, 64, 64)",0.5125
"(0, 1, 0, 0)",0.5725
"(0, 1, 0, 1)",0.56
"(0, 1, 0, 2)",0.5625
"(0, 1, 0, 4)",0.5675
"(0, 1, 0, 8)",0.5825
"(0, 1, 0, 16)",0.58
"(0, 1, 0, 32)",0.5825
"(0, 1, 0, 64)",0.57
"(0, 1, 1, 0)",0.56
"(0, 1, 1, 1)",0.5625
"(0, 1, 1, 2)",0.5775
"(0, 1, 1, 4)",0.5725
"(0, 1, 1, 8)",0.59
"(0, 1, 1, 16)",0.5825
"(0, 1, 1, 32)",0.585
"(0, 1, 1, 64)",0.5675
"(0, 1, 2, 0)",0.5625
"(0, 1, 2, 1)",0.5775
"(0, 1, 2, 2)",0.5675
"(0, 1, 2, 4)",0.5725
"(0, 1, 2, 8)",0.585
"(0, 1, 2, 16)",0.58
"(0, 1, 2, 32)",0.585
"(0, 1, 2, 64)",0.5675
"(0, 1, 4, 0)",0.5675
"(0, 1, 4, 1)",0.5725
"(0, 1, 4, 2)",0.5725
"(0, 1, 4, 4)",0.5825
"(0, 1, 4, 8)",0.58
"(0, 1, 4, 16)",0.5875
"(0, 1, 4, 32)",0.59
"(0, 1, 4, 64)",0.5725
"(0, 1, 8, 0)",0.5825
"(0, 1, 8, 1)",0.59
"(0, 1, 8, 2)",0.585
"(0, 1, 8, 4)",0.58
"(0, 1, 8, 8)",0.58
"(0, 1, 8, 16)",0.5925
"(0, 1, 8, 32)",0.5875
"(0, 1, 8, 64)",0.57
"(0, 1, 16, 0)",0.58
"(0, 1, 16, 1)",0.5825
"(0, 1, 16, 2)",0.58
"(0, 1, 16, 4)",0.5875
"(0, 1, 16, 8)",0.5925
"(0, 1, 16, 16)",0.5825
"(0, 1, 16, 32)",0.575
"(0, 1, 16, 64)",0.57
"(0, 1, 32, 0)",0.5825
"(0, 1, 32, 1)",0.585
"(0, 1, 32, 2)",0.585
"(0, 1, 32, 4)",0.59
"(0, 1, 32, 8)",0.5875
"(0, 1, 32, 16)",0.575
"(0, 1, 32, 32)",0.57
"(0, 1, 32, 64)",0.5675
"(0, 1, 64, 0)",0.57
"(0, 1, 64, 1)",0.5675
"(0, 1, 64, 2)",0.5675
"(0, 1, 64, 4)",0.5725
"(0, 1, 64, 8)",0.57
"(0, 1, 64, 16)",0.57
"(0, 1, 64, 32)",0.5675
"(0, 1, 64, 64)",0.5725
"(0, 2, 0, 0)",0.5725
"(0, 2, 0, 1)",0.57
"(0, 2, 0, 2)",0.56
"(0, 2, 0, 4)",0.5625
"(0, 2, 0, 8)",0.5675
"(0, 2, 0, 16)",0.5825
"(0, 2, 0, 32)",0.58
"(0, 2, 0, 64)",0.5825
"(0, 2, 1, 0)",0.57
"(0, 2, 1, 1)",0.56
"(0, 2, 1, 2)",0.555
"(0, 2, 1, 4)",0.5725
"(0, 2, 1, 8)",0.57
"(0, 2, 1, 16)",0.59
"(0, 2, 1, 32)",0.5825
"(0, 2, 1, 64)",0.585
"(0, 2, 2, 0)",0.56
"(0, 2, 2, 1)",0.555
"(0, 2, 2, 2)",0.5625
"(0, 2, 2, 4)",0.5775
"(0, 2, 2, 8)",0.5725
"(0, 2, 2, 16)",0.59
"(0, 2, 2, 32)",0.5825
"(0, 2, 2, 64)",0.585
"(0, 2, 4, 0)",0.5625
"(0, 2, 4, 1)",0.5725
"(0, 2, 4, 2)",0.5775
"(0, 2, 4, 4)",0.5675
"(0, 2, 4, 8)",0.5725
"(0, 2, 4, 16)",0.585
"(0, 2, 4, 32)",0.58
"(0, 2, 4, 64)",0.585
"(0, 2, 8, 0)",0.5675
"(0, 2, 8, 1)",0.57
"(0, 2, 8, 2)",0.5725
"(0, 2, 8, 4)",0.5725
"(0, 2, 8, 8)",0.5825
"(0, 2, 8, 16)",0.58
"(0, 2, 8, 32)",0.5875
"(0, 2, 8, 64)",0.59
"(0, 2, 16, 0)",0.5825
"(0, 2, 16, 1)",0.59
"(0, 2, 16, 2)",0.59
"(0, 2, 16, 4)",0.585
"(0, 2, 16, 8)",0.58
"(0, 2, 16, 16)",0.58
"(0, 2, 16, 32)",0.5925
"(0, 2, 16, 64)",0.5875
"(0, 2, 32, 0)",0.58
"(0, 2, 32, 1)",0.5825
"(0, 2, 32, 2)",0.5825
"(0, 2, 32, 4)",0.58
"(0, 2, 32, 8)",0.5875
"(0, 2, 32, 16)",0.5925
"(0, 2, 32, 32)",0.5825
"(0, 2, 32, 64)",0.575
"(0, 2, 64, 0)",0.5825
"(0, 2, 64, 1)",0.585
"(0, 2, 64, 2)",0.585
"(0, 2, 64, 4)",0.585
"(0, 2, 64, 8)",0.59
"(0, 2, 64, 16)",0.5875
"(0, 2, 64, 32)",0.575
"(0, 2, 64, 64)",0.57
"(0, 4, 0, 0)",0.5725
"(0, 4, 0, 1)",0.56
"(0, 4, 0, 2)",0.57
"(0, 4, 0, 4)",0.56
"(0, 4, 0, 8)",0.5625
"(0, 4, 0, 16)",0.5675
"(0, 4, 0, 32)",0.5825
"(0, 4, 0, 64)",0.58
"(0, 4, 1, 0)",0.56
"(0, 4, 1, 1)",0.57
"(0, 4, 1, 2)",0.5675
"(0, 4, 1, 4)",0.5525
"(0, 4, 1, 8)",0.565
"(0, 4, 1, 16)",0.5675
"(0, 4, 1, 32)",0.5875
"(0, 4, 1, 64)",0.5825
"(0, 4, 2, 0)",0.57
"(0, 4, 2, 1)",0.5675
"(0, 4, 2, 2)",0.56
"(0, 4, 2, 4)",0.555
"(0, 4, 2, 8)",0.5725
"(0, 4, 2, 16)",0.57
"(0, 4, 2, 32)",0.59
"(0, 4, 2, 64)",0.5825
"(0, 4, 4, 0)",0.56
"(0, 4, 4, 1)",0.5525
"(0, 4, 4, 2)",0.555
"(0, 4, 4, 4)",0.5625
"(0, 4, 4, 8)",0.5775
"(0, 4, 4, 16)",0.5725
"(0, 4, 4, 32)",0.59
"(0, 4, 4, 64)",0.5825
"(0, 4, 8, 0)",0.5625
"(0, 4, 8, 1)",0.565
"(0, 4, 8, 2)",0.5725
"(0, 4, 8, 4)",0.5775
"(0, 4, 8, 8)",0.5675
"(0, 4, 8, 16)",0.5725
"(0, 4, 8, 32)",0.585
"(0, 4, 8, 64)",0.58
"(0, 4, 16, 0)",0.5675
"(0, 4, 16, 1)",0.5675
"(0, 4, 16, 2)",0.57
"(0, 4, 16, 4)",0.5725
"(0, 4, 16, 8)",0.5725
"(0, 4, 16, 16)",0.5825
"(0, 4, 16, 32)",0.58
"(0, 4, 16, 64)",0.5875
"(0, 4, 32, 0)",0.5825
"(0, 4, 32, 1)",0.5875
"(0, 4, 32, 2)",0.59
"(0, 4, 32, 4)",0.59
"(0, 4, 32, 8)",0.585
"(0, 4, 32, 16)",0.58
"(0, 4, 32, 32)",0.58
"(0, 4, 32, 64)",0.5925
"(0, 4, 64, 0)",0.58
"(0, 4, 64, 1)",0.5825
"(0, 4, 64, 2)",0.5825
"(0, 4, 64, 4)",0.5825
"(0, 4, 64, 8)",0.58
"(0, 4, 64, 16)",0.5875
"(0, 4, 64, 32)",0.5925
"(0, 4, 64, 64)",0.5825
"(0, 8, 0, 0)",0.5725
"(0, 8, 0, 1)",0.5625
"(0, 8, 0, 2)",0.56
"(0, 8, 0, 4)",0.57
"(0, 8, 0, 8)",0.56
"(0, 8, 0, 16)",0.5625
"(0, 8, 0, 32)",0.5675
"(0, 8, 0, 64)",0.5825
"(0, 8, 1, 0)",0.5625
"(0, 8, 1, 1)",0.56
"(0, 8, 1, 2)",0.575
"(0, 8, 1, 4)",0.5625
"(0, 8, 1, 8)",0.555
"(0, 8, 1, 16)",0.5675
"(0, 8, 1, 32)",0.5625
"(0, 8, 1, 64)",0.5875
"(0, 8, 2, 0)",0.56
"(0, 8, 2, 1)",0.575
"(0, 8, 2, 2)",0.57
"(0, 8, 2, 4)",0.5675
"(0, 8, 2, 8)",0.5525
"(0, 8, 2, 16)",0.565
"(0, 8, 2, 32)",0.5675
"(0, 8, 2, 64)",0.5875
"(0, 8, 4, 0)",0.57
"(0, 8, 4, 1)",0.5625
"(0, 8, 4, 2)",0.5675
"(0, 8, 4, 4)",0.56
"(0, 8, 4, 8)",0.555
"(0, 8, 4, 16)",0.5725
"(0, 8, 4, 32)",0.57
"(0, 8, 4, 64)",0.59
"(0, 8, 8, 0)",0.56
"(0, 8, 8, 1)",0.555
"(0, 8, 8, 2)",0.5525
"(0, 8, 8, 4)",0.555
"(0, 8, 8, 8)",0.5625
"(0, 8, 8, 16)",0.5775
"(0, 8, 8, 32)",0.5725
"(0, 8, 8, 64)",0.59
"(0, 8, 16, 0)",0.5625
"(0, 8, 16, 1)",0.5675
"(0, 8, 16, 2)",0.565
"(0, 8, 16, 4)",0.5725
"(0, 8, 16, 8)",0.5775
"(0, 8, 16, 16)",0.5675
"(0, 8, 16, 32)",0.5725
"(0, 8, 16, 64)",0.585
"(0, 8, 32, 0)",0.5675
"(0, 8, 32, 1)",0.5625
"(0, 8, 32, 2)",0.5675
"(0, 8, 32, 4)",0.57
"(0, 8, 32, 8)",0.5725
"(0, 8, 32, 16)",0.5725
"(0, 8, 32, 32)",0.5825
"(0, 8, 32, 64)",0.58
"(0, 8, 64, 0)",0.5825
"(0, 8, 64, 1)",0.5875
"(0, 8, 64, 2)",0.5875
"(0, 8, 64, 4)",0.59
"(0, 8, 64, 8)",0.59
"(0, 8, 64, 16)",0.585
"(0, 8, 64, 32)",0.58
"(0, 8, 64, 64)",0.58
"(0, 16, 0, 0)",0.5725
"(0, 16, 0, 1)",0.57
"(0, 16, 0, 2)",0.5625
"(0, 16, 0, 4)",0.56
"(0, 16, 0, 8)",0.57
"(0, 16, 0, 16)",0.56
"(0, 16, 0, 32)",0.5625
"(0, 16, 0, 64)",0.5675
"(0, 16, 1, 0)",0.57
"(0, 16, 1, 1)",0.5625
"(0, 16, 1, 2)",0.5525
"(0, 16, 1, 4)",0.5675
"(0, 16, 1, 8)",0.57
"(0, 16, 1, 16)",0.5575
"(0, 16, 1, 32)",0.565
"(0, 16, 1, 64)",0.5625
"(0, 16, 2, 0)",0.5625
"(0, 16, 2, 1)",0.5525
"(0, 16, 2, 2)",0.56
"(0, 16, 2, 4)",0.575
"(0, 16, 2, 8)",0.5625
"(0, 16, 2, 16)",0.555
"(0, 16, 2, 32)",0.5675
"(0, 16, 2, 64)",0.5625
"(0, 16, 4, 0)",0.56
"(0, 16, 4, 1)",0.5675
"(0, 16, 4, 2)",0.575
"(0, 16, 4, 4)",0.57
"(0, 16, 4, 8)",0.5675
"(0, 16, 4, 16)",0.5525
"(0, 16, 4, 32)",0.565
"(0, 16, 4, 64)",0.5675
"(0, 16, 8, 0)",0.57
"(0, 16, 8, 1)",0.57
"(0, 16, 8, 2)",0.5625
"(0, 16, 8, 4)",0.5675
"(0, 16, 8, 8)",0.56
"(0, 16, 8, 16)",0.555
"(0, 16, 8, 32)",0.5725
"(0, 16, 8, 64)",0.57
"(0, 16, 16, 0)",0.56
"(0, 16, 16, 1)",0.5575
"(0, 16, 16, 2)",0.555
"(0, 16, 16, 4)",0.5525
"(0, 16, 16, 8)",0.555
"(0, 16, 16, 16)",0.5625
"(0, 16, 16, 32)",0.5775
"(0, 16, 16, 64)",0.5725
"(0, 16, 32, 0)",0.5625
"(0, 16, 32, 1)",0.565
"(0, 16, 32, 2)",0.5675
"(0, 16, 32, 4)",0.565
"(0, 16, 32, 8)",0.5725
"(0, 16, 32, 16)",0.5775
"(0, 16, 32, 32)",0.5675
"(0, 16, 32, 64)",0.5725
"(0, 16, 64, 0)",0.5675
"(0, 16, 64, 1)",0.5625
"(0, 16, 64, 2)",0.5625
"(0, 16, 64, 4)",0.5675
"(0, 16, 64, 8)",0.57
"(0, 16, 64, 16)",0.5725
"(0, 16, 64, 32)",0.5725
"(0, 16, 64, 64)",0.5825
"(0, 32, 0, 0)",0.5725
"(0, 32, 0, 1)",0.5725
"(0, 32, 0, 2)",0.57
"(0, 32, 0, 4)",0.5625
"(0, 32, 0, 8)",0.56
"(0, 32, 0, 16)",0.57
"(0, 32, 0, 32)",0.56
"(0, 32, 0, 64)",0.5625
"(0, 32, 1, 0)",0.5725
"(0, 32, 1, 1)",0.57
"(0, 32, 1, 2)",0.5575
"(0, 32, 1, 4)",0.5575
"(0, 32, 1, 8)",0.5625
"(0, 32, 1, 16)",0.565
"(0, 32, 1, 32)",0.5575
"(0, 32, 1, 64)",0.565
"(0, 32, 2, 0)",0.57
"(0, 32, 2, 1)",0.5575
"(0, 32, 2, 2)",0.5625
"(0, 32, 2, 4)",0.5525
"(0, 32, 2, 8)",0.5675
"(0, 32, 2, 16)",0.57
"(0, 32, 2, 32)",0.5575
"(0, 32, 2, 64)",0.565
"(0, 32, 4, 0)",0.5625
"(0, 32, 4, 1)",0.5575
"(0, 32, 4, 2)",0.5525
"(0, 32, 4, 4)",0.56
"(0, 32, 4, 8)",0.575
"(0, 32, 4, 16)",0.5625
"(0, 32, 4, 32)",0.555
"(0, 32, 4, 64)",0.5675
"(0, 32, 8, 0)",0.56
"(0, 32, 8, 1)",0.5625
"(0, 32, 8, 2)",0.5675
"(0, 32, 8, 4)",0.575
"(0, 32, 8, 8)",0.57
"(0, 32, 8, 16)",0.5675
"(0, 32, 8, 32)",0.5525
"(0, 32, 8, 64)",0.565
"(0, 32, 16, 0)",0.57
"(0, 32, 16, 1)",0.565
"(0, 32, 16, 2)",0.57
"(0, 32, 16, 4)",0.5625
"(0, 32, 16, 8)",0.5675
"(0, 32, 16, 16)",0.56
"(0, 32, 16, 32)",0.555
"(0, 32, 16, 64)",0.5725
"(0, 32, 32, 0)",0.56
"(0, 32, 32, 1)",0.5575
"(0, 32, 32, 2)",0.5575
"(0, 32, 32, 4)",0.555
"(0, 32, 32, 8)",0.5525
"(0, 32, 32, 16)",0.555
"(0, 32, 32, 32)",0.5625
"(0, 32, 32, 64)",0.5775
"(0, 32, 64, 0)",0.5625
"(0, 32, 64, 1)",0.565
"(0, 32, 64, 2)",0.565
"(0, 32, 64, 4)",0.5675
"(0, 32, 64, 8)",0.565
"(0, 32, 64, 16)",0.5725
"(0, 32, 64, 32)",0.5775
"(0, 32, 64, 64)",0.5675
"(0, 64, 0, 0)",0.5725
"(0, 64, 0, 1)",0.5925
"(0, 64, 0, 2)",0.5725
"(0, 64, 0, 4)",0.57
"(0, 64, 0, 8)",0.5625
"(0, 64, 0, 16)",0.56
"(0, 64, 0, 32)",0.57
"(0, 64, 0, 64)",0.56
"(0, 64, 1, 0)",0.5925
"(0, 64, 1, 1)",0.5725
"(0, 64, 1, 2)",0.57
"(0, 64, 1, 4)",0.565
"(0, 64, 1, 8)",0.555
"(0, 64, 1, 16)",0.5625
"(0, 64, 1, 32)",0.5675
"(0, 64, 1, 64)",0.5575
"(0, 64, 2, 0)",0.5725
"(0, 64, 2, 1)",0.57
"(0, 64, 2, 2)",0.57
"(0, 64, 2, 4)",0.5575
"(0, 64, 2, 8)",0.5575
"(0, 64, 2, 16)",0.5625
"(0, 64, 2, 32)",0.565
"(0, 64, 2, 64)",0.5575
"(0, 64, 4, 0)",0.57
"(0, 64, 4, 1)",0.565
"(0, 64, 4, 2)",0.5575
"(0, 64, 4, 4)",0.5625
"(0, 64, 4, 8)",0.5525
"(0, 64, 4, 16)",0.5675
"(0, 64, 4, 32)",0.57
"(0, 64, 4, 64)",0.5575
"(0, 64, 8, 0)",0.5625
"(0, 64, 8, 1)",0.555
"(0, 64, 8, 2)",0.5575
"(0, 64, 8, 4)",0.5525
"(0, 64, 8, 8)",0.56
"(0, 64, 8, 16)",0.575
"(0, 64, 8, 32)",0.5625
"(0, 64, 8, 64)",0.555
"(0, 64, 16, 0)",0.56
"(0, 64, 16, 1)",0.5625
"(0, 64, 16, 2)",0.5625
"(0, 64, 16, 4)",0.5675
"(0, 64, 16, 8)",0.575
"(0, 64, 16, 16)",0.57
"(0, 64, 16, 32)",0.5675
"(0, 64, 16, 64)",0.5525
"(0, 64, 32, 0)",0.57
"(0, 64, 32, 1)",0.5675
"(0, 64, 32, 2)",0.565
"(0, 64, 32, 4)",0.57
"(0, 64, 32, 8)",0.5625
"(0, 64, 32, 16)",0.5675
"(0, 64, 32, 32)",0.56
"(0, 64, 32, 64)",0.555
"(0, 64, 64, 0)",0.56
"(0, 64, 64, 1)",0.5575
"(0, 64, 64, 2)",0.5575
"(0, 64, 64, 4)",0.5575
"(0, 64, 64, 8)",0.555
"(0, 64, 64, 16)",0.5525
"(0, 64, 64, 32)",0.555
"(0, 64, 64, 64)",0.5625
"(1, 0, 0, 0)",0.82
"(1, 0, 0, 1)",0.845
"(1, 0, 0, 2)",0.84
"(1, 0, 0, 4)",0.835
"(1, 0, 0, 8)",0.83
"(1, 0, 0, 16)",0.8375
"(1, 0, 0, 32)",0.845
"(1, 0, 0, 64)",0.8225
"(1, 0, 1, 0)",0.845
"(1, 0, 1, 1)",0.84
"(1, 0, 1, 2)",0.835
"(1, 0, 1, 4)",0.8375
"(1, 0, 1, 8)",0.8275
"(1, 0, 1, 16)",0.84
"(1, 0, 1, 32)",0.8425
"(1, 0, 1, 64)",0.8225
"(1, 0, 2, 0)",0.84
"(1, 0, 2, 1)",0.835
"(1, 0, 2, 2)",0.835
"(1, 0, 2, 4)",0.8325
"(1, 0, 2, 8)",0.8275
"(1, 0, 2, 16)",0.8475
"(1, 0, 2, 32)",0.8425
"(1, 0, 2, 64)",0.8225
"(1, 0, 4, 0)",0.835
"(1, 0, 4, 1)",0.8375
"(1, 0, 4, 2)",0.8325
"(1, 0, 4, 4)",0.83
"(1, 0, 4, 8)",0.835
"(1, 0, 4, 16)",0.845
"(1, 0, 4, 32)",0.84
"(1, 0, 4, 64)",0.82
"(1, 0, 8, 0)",0.83
"(1, 0, 8, 1)",0.8275
"(1, 0, 8, 2)",0.8275
"(1, 0, 8, 4)",0.835
"(1, 0, 8, 8)",0.8375
"(1, 0, 8, 16)",0.845
"(1, 0, 8, 32)",0.83
"(1, 0, 8, 64)",0.82
"(1, 0, 16, 0)",0.8375
"(1, 0, 16, 1)",0.84
"(1, 0, 16, 2)",0.8475
"(1, 0, 16, 4)",0.845
"(1, 0, 16, 8)",0.845
"(1, 0, 16, 16)",0.845
"(1, 0, 16, 32)",0.8275
"(1, 0, 16, 64)",0.8225
"(1, 0, 32, 0)",0.845
"(1, 0, 32, 1)",0.8425
"(1, 0, 32, 2)",0.8425
"(1, 0, 32, 4)",0.84
"(1, 0, 32, 8)",0.83
"(1, 0, 32, 16)",0.8275
"(1, 0, 32, 32)",0.8225
"(1, 0, 32, 64)",0.8225
"(1, 0, 64, 0)",0.8225
"(1, 0, 64, 1)",0.8225
"(1, 0, 64, 2)",0.8225
"(1, 0, 64, 4)",0.82
"(1, 0, 64, 8)",0.82
"(1, 0, 64, 16)",0.8225
"(1, 0, 64, 32)",0.8225
"(1, 0, 64, 64)",0.82
"(1, 1, 0, 0)",0.985
"(1, 1, 0, 1)",0.9575
"(1, 1, 0, 2)",0.95
"(1, 1, 0, 4)",0.95
"(1, 1, 0, 8)",0.9475
"(1, 1, 0, 16)",0.9525
"(1, 1, 0, 32)",0.9425
"(1, 1, 0, 64)",0.93
"(1, 1, 1, 0)",0.9575
"(1, 1, 1, 1)",0.95
"(1, 1, 1, 2)",0.95
"(1, 1, 1, 4)",0.95
"(1, 1, 1, 8)",0.95
"(1, 1, 1, 16)",0.9525
"(1, 1, 1, 32)",0.9425
"(1, 1, 1, 64)",0.93
"(1, 1, 2, 0)",0.95
"(1, 1, 2, 1)",0.95
"(1, 1, 2, 2)",0.95
"(1, 1, 2, 4)",0.9475
"(1, 1, 2, 8)",0.95
"(1, 1, 2, 16)",0.9525
"(1, 1, 2, 32)",0.9425
"(1, 1, 2, 64)",0.93
"(1, 1, 4, 0)",0.95
"(1, 1, 4, 1)",0.95
"(1, 1, 4, 2)",0.9475
"(1, 1, 4, 4)",0.9475
"(1, 1, 4, 8)",0.95
"(1, 1, 4, 16)",0.95
"(1, 1, 4, 32)",0.94
"(1, 1, 4, 64)",0.93
"(1, 1, 8, 0)",0.9475
"(1, 1, 8, 1)",0.95
"(1, 1, 8, 2)",0.95
"(1, 1, 8, 4)",0.95
"(1, 1, 8, 8)",0.9525
"(1, 1, 8, 16)",0.9425
"(1, 1, 8, 32)",0.9375
"(1, 1, 8, 64)",0.93
"(1, 1, 16, 0)",0.9525
"(1, 1, 16, 1)",0.9525
"(1, 1, 16, 2)",0.9525
"(1, 1, 16, 4)",0.95
"(1, 1, 16, 8)",0.9425
"(1, 1, 16, 16)",0.9425
"(1, 1, 16, 32)",0.935
"(1, 1, 16, 64)",0.93
"(1, 1, 32, 0)",0.9425
"(1, 1, 32, 1)",0.9425
"(1, 1, 32, 2)",0.9425
"(1, 1, 32, 4)",0.94
"(1, 1, 32, 8)",0.9375
"(1, 1, 32, 16)",0.935
"(1, 1, 32, 32)",0.93
"(1, 1, 32, 64)",0.925
"(1, 1, 64, 0)",0.93
"(1, 1, 64, 1)",0.93
"(1, 1, 64, 2)",0.93
"(1, 1, 64, 4)",0.93
"(1, 1, 64, 8)",0.93
"(1, 1, 64, 16)",0.93
"(1, 1, 64, 32)",0.925
"(1, 1, 64, 64)",0.9175
"(1, 2, 0, 0)",0.9875
"(1, 2, 0, 1)",0.9625
"(1, 2, 0, 2)",0.9575
"(1, 2, 0, 4)",0.95
"(1, 2, 0, 8)",0.95
"(1, 2, 0, 16)",0.9425
"(1, 2, 0, 32)",0.9425
"(1, 2, 0, 64)",0.9275
"(1, 2, 1, 0)",0.9625
"(1, 2, 1, 1)",0.9575
"(1, 2, 1, 2)",0.9525
"(1, 2, 1, 4)",0.95
"(1, 2, 1, 8)",0.9475
"(1, 2, 1, 16)",0.9425
"(1, 2, 1, 32)",0.9425
"(1, 2, 1, 64)",0.9275
"(1, 2, 2, 0)",0.9575
"(1, 2, 2, 1)",0.9525
"(1, 2, 2, 2)",0.95
"(1, 2, 2, 4)",0.95
"(1, 2, 2, 8)",0.9475
"(1, 2, 2, 16)",0.9425
"(1, 2, 2, 32)",0.9425
"(1, 2, 2, 64)",0.925
"(1, 2, 4, 0)",0.95
"(1, 2, 4, 1)",0.95
"(1, 2, 4, 2)",0.95
"(1, 2, 4, 4)",0.95
"(1, 2, 4, 8)",0.945
"(1, 2, 4, 16)",0.9425
"(1, 2, 4, 32)",0.9425
"(1, 2, 4, 64)",0.9225
"(1, 2, 8, 0)",0.95
"(1, 2, 8, 1)",0.9475
"(1, 2, 8, 2)",0.9475
"(1, 2, 8, 4)",0.945
"(1, 2, 8, 8)",0.9425
"(1, 2, 8, 16)",0.94
"(1, 2, 8, 32)",0.9425
"(1, 2, 8, 64)",0.9225
"(1, 2, 16, 0)",0.9425
"(1, 2, 16, 1)",0.9425
"(1, 2, 16, 2)",0.9425
"(1, 2, 16, 4)",0.9425
"(1, 2, 16, 8)",0.94
"(1, 2, 16, 16)",0.9425
"(1, 2, 16, 32)",0.94
"(1, 2, 16, 64)",0.92
"(1, 2, 32, 0)",0.9425
"(1, 2, 32, 1)",0.9425
"(1, 2, 32, 2)",0.9425
"(1, 2, 32, 4)",0.9425
"(1, 2, 32, 8)",0.9425
"(1, 2, 32, 16)",0.94
"(1, 2, 32, 32)",0.9275
"(1, 2, 32, 64)",0.9175
"(1, 2, 64, 0)",0.9275
"(1, 2, 64, 1)",0.9275
"(1, 2, 64, 2)",0.925
"(1, 2, 64, 4)",0.9225
"(1, 2, 64, 8)",0.9225
"(1, 2, 64, 16)",0.92
"(1, 2, 64, 32)",0.9175
"(1, 2, 64, 64)",0.9125
"(1, 4, 0, 0)",0.9875
"(1, 4, 0, 1)",0.9575
"(1, 4, 0, 2)",0.9525
"(1, 4, 0, 4)",0.9525
"(1, 4, 0, 8)",0.94
"(1, 4, 0, 16)",0.9375
"(1, 4, 0, 32)",0.935
"(1, 4, 0, 64)",0.935
"(1, 4, 1, 0)",0.9575
"(1, 4, 1, 1)",0.9525
"(1, 4, 1, 2)",0.9525
"(1, 4, 1, 4)",0.9525
"(1, 4, 1, 8)",0.9375
"(1, 4, 1, 16)",0.94
"(1, 4, 1, 32)",0.935
"(1, 4, 1, 64)",0.935
"(1, 4, 2, 0)",0.9525
"(1, 4, 2, 1)",0.9525
"(1, 4, 2, 2)",0.9525
"(1, 4, 2, 4)",0.945
"(1, 4, 2, 8)",0.9375
"(1, 4, 2, 16)",0.9375
"(1, 4, 2, 32)",0.9325
"(1, 4, 2, 64)",0.93
"(1, 4, 4, 0)",0.9525
"(1, 4, 4, 1)",0.9525
"(1, 4, 4, 2)",0.945
"(1, 4, 4, 4)",0.94
"(1, 4, 4, 8)",0.9425
"(1, 4, 4, 16)",0.935
"(1, 4, 4, 32)",0.9325
"(1, 4, 4, 64)",0.93
"(1, 4, 8, 0)",0.94
"(1, 4, 8, 1)",0.9375
"(1, 4, 8, 2)",0.9375
"(1, 4, 8, 4)",0.9425
"(1, 4, 8, 8)",0.9375
"(1, 4, 8, 16)",0.935
"(1, 4, 8, 32)",0.935
"(1, 4, 8, 64)",0.9275
"(1, 4, 16, 0)",0.9375
"(1, 4, 16, 1)",0.94
"(1, 4, 16, 2)",0.9375
"(1, 4, 16, 4)",0.935
"(1, 4, 16, 8)",0.935
"(1, 4, 16, 16)",0.935
"(1, 4, 16, 32)",0.9375
"(1, 4, 16, 64)",0.9225
"(1, 4, 32, 0)",0.935
"(1, 4, 32, 1)",0.935
"(1, 4, 32, 2)",0.9325
"(1, 4, 32, 4)",0.9325
"(1, 4, 32, 8)",0.935
"(1, 4, 32, 16)",0.9375
"(1, 4, 32, 32)",0.935
"(1, 4, 32, 64)",0.92
"(1, 4, 64, 0)",0.935
"(1, 4, 64, 1)",0.935
"(1, 4, 64, 2)",0.93
"(1, 4, 64, 4)",0.93
"(1, 4, 64, 8)",0.9275
"(1, 4, 64, 16)",0.9225
"(1, 4, 64, 32)",0.92
"(1, 4, 64, 64)",0.91
"(1, 8, 0, 0)",0.9825
"(1, 8, 0, 1)",0.9575
"(1, 8, 0, 2)",0.9475
"(1, 8, 0, 4)",0.9525
"(1, 8, 0, 8)",0.9475
"(1, 8, 0, 16)",0.9375
"(1, 8, 0, 32)",0.9325
"(1, 8, 0, 64)",0.9275
"(1, 8, 1, 0)",0.9575
"(1, 8, 1, 1)",0.9475
"(1, 8, 1, 2)",0.9525
"(1, 8, 1, 4)",0.955
"(1, 8, 1, 8)",0.9475
"(1, 8, 1, 16)",0.9375
"(1, 8, 1, 32)",0.93
"(1, 8, 1, 64)",0.9275
"(1, 8, 2, 0)",0.9475
"(1, 8, 2, 1)",0.9525
"(1, 8, 2, 2)",0.9525
"(1, 8, 2, 4)",0.9525
"(1, 8, 2, 8)",0.9475
"(1, 8, 2, 16)",0.935
"(1, 8, 2, 32)",0.9325
"(1, 8, 2, 64)",0.9275
"(1, 8, 4, 0)",0.9525
"(1, 8, 4, 1)",0.955
"(1, 8, 4, 2)",0.9525
"(1, 8, 4, 4)",0.9475
"(1, 8, 4, 8)",0.945
"(1, 8, 4, 16)",0.935
"(1, 8, 4, 32)",0.9325
"(1, 8, 4, 64)",0.925
"(1, 8, 8, 0)",0.9475
"(1, 8, 8, 1)",0.9475
"(1, 8, 8, 2)",0.9475
"(1, 8, 8, 4)",0.945
"(1, 8, 8, 8)",0.9375
"(1, 8, 8, 16)",0.935
"(1, 8, 8, 32)",0.93
"(1, 8, 8, 64)",0.9225
"(1, 8, 16, 0)",0.9375
"(1, 8, 16, 1)",0.9375
"(1, 8, 16, 2)",0.935
"(1, 8, 16, 4)",0.935
"(1, 8, 16, 8)",0.935
"(1, 8, 16, 16)",0.9325
"(1, 8, 16, 32)",0.9275
"(1, 8, 16, 64)",0.92
"(1, 8, 32, 0)",0.9325
"(1, 8, 32, 1)",0.93
"(1, 8, 32, 2)",0.9325
"(1, 8, 32, 4)",0.9325
"(1, 8, 32, 8)",0.93
"(1, 8, 32, 16)",0.9275
"(1, 8, 32, 32)",0.9275
"(1, 8, 32, 64)",0.9125
"(1, 8, 64, 0)",0.9275
"(1, 8, 64, 1)",0.9275
"(1, 8, 64, 2)",0.9275
"(1, 8, 64, 4)",0.925
"(1, 8, 64, 8)",0.9225
"(1, 8, 64, 16)",0.92
"(1, 8, 64, 32)",0.9125
"(1, 8, 64, 64)",0.905
"(1, 16, 0, 0)",0.98
"(1, 16, 0, 1)",0.955
"(1, 16, 0, 2)",0.945
"(1, 16, 0, 4)",0.9475
"(1, 16, 0, 8)",0.95
"(1, 16, 0, 16)",0.9375
"(1, 16, 0, 32)",0.935
"(1, 16, 0, 64)",0.915
"(1, 16, 1, 0)",0.955
"(1, 16, 1, 1)",0.945
"(1, 16, 1, 2)",0.95
"(1, 16, 1, 4)",0.9525
"(1, 16, 1, 8)",0.9525
"(1, 16, 1, 16)",0.9375
"(1, 16, 1, 32)",0.935
"(1, 16, 1, 64)",0.915
"(1, 16, 2, 0)",0.945
"(1, 16, 2, 1)",0.95
"(1, 16, 2, 2)",0.9475
"(1, 16, 2, 4)",0.95
"(1, 16, 2, 8)",0.95
"(1, 16, 2, 16)",0.935
"(1, 16, 2, 32)",0.9325
"(1, 16, 2, 64)",0.915
"(1, 16, 4, 0)",0.9475
"(1, 16, 4, 1)",0.9525
"(1, 16, 4, 2)",0.95
"(1, 16, 4, 4)",0.95
"(1, 16, 4, 8)",0.9475
"(1, 16, 4, 16)",0.935
"(1, 16, 4, 32)",0.93
"(1, 16, 4, 64)",0.915
"(1, 16, 8, 0)",0.95
"(1, 16, 8, 1)",0.9525
"(1, 16, 8, 2)",0.95
"(1, 16, 8, 4)",0.9475
"(1, 16, 8, 8)",0.9375
"(1, 16, 8, 16)",0.935
"(1, 16, 8, 32)",0.9275
"(1, 16, 8, 64)",0.9175
"(1, 16, 16, 0)",0.9375
"(1, 16, 16, 1)",0.9375
"(1, 16, 16, 2)",0.935
"(1, 16, 16, 4)",0.935
"(1, 16, 16, 8)",0.935
"(1, 16, 16, 16)",0.935
"(1, 16, 16, 32)",0.9175
"(1, 16, 16, 64)",0.915
"(1, 16, 32, 0)",0.935
"(1, 16, 32, 1)",0.935
"(1, 16, 32, 2)",0.9325
"(1, 16, 32, 4)",0.93
"(1, 16, 32, 8)",0.9275
"(1, 16, 32, 16)",0.9175
"(1, 16, 32, 32)",0.915
"(1, 16, 32, 64)",0.9075
"(1, 16, 64, 0)",0.915
"(1, 16, 64, 1)",0.915
"(1, 16, 64, 2)",0.915
"(1, 16, 64, 4)",0.915
"(1, 16, 64, 8)",0.9175
"(1, 16, 64, 16)",0.915
"(1, 16, 64, 32)",0.9075
"(1, 16, 64, 64)",0.895
"(1, 32, 0, 0)",0.975
"(1, 32, 0, 1)",0.9625
"(1, 32, 0, 2)",0.9475
"(1, 32, 0, 4)",0.945
"(1, 32, 0, 8)",0.94
"(1, 32, 0, 16)",0.9275
"(1, 32, 0, 32)",0.915
"(1, 32, 0, 64)",0.9075
"(1, 32, 1, 0)",0.9625
"(1, 32, 1, 1)",0.9475
"(1, 32, 1, 2)",0.945
"(1, 32, 1, 4)",0.9475
"(1, 32, 1, 8)",0.9375
"(1, 32, 1, 16)",0.925
"(1, 32, 1, 32)",0.915
"(1, 32, 1, 64)",0.905
"(1, 32, 2, 0)",0.9475
"(1, 32, 2, 1)",0.945
"(1, 32, 2, 2)",0.945
"(1, 32, 2, 4)",0.945
"(1, 32, 2, 8)",0.9375
"(1, 32, 2, 16)",0.925
"(1, 32, 2, 32)",0.915
"(1, 32, 2, 64)",0.905
"(1, 32, 4, 0)",0.945
"(1, 32, 4, 1)",0.9475
"(1, 32, 4, 2)",0.945
"(1, 32, 4, 4)",0.94
"(1, 32, 4, 8)",0.935
"(1, 32, 4, 16)",0.925
"(1, 32, 4, 32)",0.9125
"(1, 32, 4, 64)",0.9
"(1, 32, 8, 0)",0.94
"(1, 32, 8, 1)",0.9375
"(1, 32, 8, 2)",0.9375
"(1, 32, 8, 4)",0.935
"(1, 32, 8, 8)",0.9275
"(1, 32, 8, 16)",0.92
"(1, 32, 8, 32)",0.9125
"(1, 32, 8, 64)",0.8975
"(1, 32, 16, 0)",0.9275
"(1, 32, 16, 1)",0.925
"(1, 32, 16, 2)",0.925
"(1, 32, 16, 4)",0.925
"(1, 32, 16, 8)",0.92
"(1, 32, 16, 16)",0.915
"(1, 32, 16, 32)",0.9125
"(1, 32, 16, 64)",0.8975
"(1, 32, 32, 0)",0.915
"(1, 32, 32, 1)",0.915
"(1, 32, 32, 2)",0.915
"(1, 32, 32, 4)",0.9125
"(1, 32, 32, 8)",0.9125
"(1, 32, 32, 16)",0.9125
"(1, 32, 32, 32)",0.9075
"(1, 32, 32, 64)",0.8875
"(1, 32, 64, 0)",0.9075
"(1, 32, 64, 1)",0.905
"(1, 32, 64, 2)",0.905
"(1, 32, 64, 4)",0.9
"(1, 32, 64, 8)",0.8975
"(1, 32, 64, 16)",0.8975
"(1, 32, 64, 32)",0.8875
"(1, 32, 64, 64)",0.8825
"(1, 64, 0, 0)",0.975
"(1, 64, 0, 1)",0.9575
"(1, 64, 0, 2)",0.945
"(1, 64, 0, 4)",0.935
"(1, 64, 0, 8)",0.925
"(1, 64, 0, 16)",0.915
"(1, 64, 0, 32)",0.8975
"(1, 64, 0, 64)",0.8875
"(1, 64, 1, 0)",0.9575
"(1, 64, 1, 1)",0.945
"(1, 64, 1, 2)",0.94
"(1, 64, 1, 4)",0.9325
"(1, 64, 1, 8)",0.925
"(1, 64, 1, 16)",0.915
"(1, 64, 1, 32)",0.8975
"(1, 64, 1, 64)",0.8875
"(1, 64, 2, 0)",0.945
"(1, 64, 2, 1)",0.94
"(1, 64, 2, 2)",0.935
"(1, 64, 2, 4)",0.93
"(1, 64, 2, 8)",0.925
"(1, 64, 2, 16)",0.91
"(1, 64, 2, 32)",0.8975
"(1, 64, 2, 64)",0.8875
"(1, 64, 4, 0)",0.935
"(1, 64, 4, 1)",0.9325
"(1, 64, 4, 2)",0.93
"(1, 64, 4, 4)",0.925
"(1, 64, 4, 8)",0.9225
"(1, 64, 4, 16)",0.9075
"(1, 64, 4, 32)",0.895
"(1, 64, 4, 64)",0.8875
"(1, 64, 8, 0)",0.925
"(1, 64, 8, 1)",0.925
"(1, 64, 8, 2)",0.925
"(1, 64, 8, 4)",0.9225
"(1, 64, 8, 8)",0.915
"(1, 64, 8, 16)",0.905
"(1, 64, 8, 32)",0.895
"(1, 64, 8, 64)",0.885
"(1, 64, 16, 0)",0.915
"(1, 64, 16, 1)",0.915
"(1, 64, 16, 2)",0.91
"(1, 64, 16, 4)",0.9075
"(1, 64, 16, 8)",0.905
"(1, 64, 16, 16)",0.8975
"(1, 64, 16, 32)",0.8875
"(1, 64, 16, 64)",0.8825
"(1, 64, 32, 0)",0.8975
"(1, 64, 32, 1)",0.8975
"(1, 64, 32, 2)",0.8975
"(1, 64, 32, 4)",0.895
"(1, 64, 32, 8)",0.895
"(1, 64, 32, 16)",0.8875
"(1, 64, 32, 32)",0.8875
"(1, 64, 32, 64)",0.88
"(1, 64, 64, 0)",0.8875
"(1, 64, 64, 1)",0.8875
"(1, 64, 64, 2)",0.8875
"(1, 64, 64, 4)",0.8875
"(1, 64, 64, 8)",0.885
"(1, 64, 64, 16)",0.8825
"(1, 64, 64, 32)",0.88
"(1, 64, 64, 64)",0.875
"(2, 0, 0, 0)",0.82
"(2, 0, 0, 1)",0.8325
"(2, 0, 0, 2)",0.845
"(2, 0, 0, 4)",0.84
"(2, 0, 0, 8)",0.835
"(2, 0, 0, 16)",0.83
"(2, 0, 0, 32)",0.8375
"(2, 0, 0, 64)",0.845
"(2, 0, 1, 0)",0.8325
"(2, 0, 1, 1)",0.845
"(2, 0, 1, 2)",0.84
"(2, 0, 1, 4)",0.8375
"(2, 0, 1, 8)",0.8375
"(2, 0, 1, 16)",0.8275
"(2, 0, 1, 32)",0.8375
"(2, 0, 1, 64)",0.8425
"(2, 0, 2, 0)",0.845
"(2, 0, 2, 1)",0.84
"(2, 0, 2, 2)",0.84
"(2, 0, 2, 4)",0.835
"(2, 0, 2, 8)",0.8375
"(2, 0, 2, 16)",0.8275
"(2, 0, 2, 32)",0.84
"(2, 0, 2, 64)",0.8425
"(2, 0, 4, 0)",0.84
"(2, 0, 4, 1)",0.8375
"(2, 0, 4, 2)",0.835
"(2, 0, 4, 4)",0.835
"(2, 0, 4, 8)",0.8325
"(2, 0, 4, 16)",0.8275
"(2, 0, 4, 32)",0.8475
"(2, 0, 4, 64)",0.8425
"(2, 0, 8, 0)",0.835
"(2, 0, 8, 1)",0.8375
"(2, 0, 8, 2)",0.8375
"(2, 0, 8, 4)",0.8325
"(2, 0, 8, 8)",0.83
"(2, 0, 8, 16)",0.835
"(2, 0, 8, 32)",0.845
"(2, 0, 8, 64)",0.84
"(2, 0, 16, 0)",0.83
"(2, 0, 16, 1)",0.8275
"(2, 0, 16, 2)",0.8275
"(2, 0, 16, 4)",0.8275
"(2, 0, 16, 8)",0.835
"(2, 0, 16, 16)",0.8375
"(2, 0, 16, 32)",0.845
"(2, 0, 16, 64)",0.83
"(2, 0, 32, 0)",0.8375
"(2, 0, 32, 1)",0.8375
"(2, 0, 32, 2)",0.84
"(2, 0, 32, 4)",0.8475
"(2, 0, 32, 8)",0.845
"(2, 0, 32, 16)",0.845
"(2, 0, 32, 32)",0.845
"(2, 0, 32, 64)",0.8275
"(2, 0, 64, 0)",0.845
"(2, 0, 64, 1)",0.8425
"(2, 0, 64, 2)",0.8425
"(2, 0, 64, 4)",0.8425
"(2, 0, 64, 8)",0.84
"(2, 0, 64, 16)",0.83
"(2, 0, 64, 32)",0.8275
"(2, 0, 64, 64)",0.8225
"(2, 1, 0, 0)",0.985
"(2, 1, 0, 1)",0.9575
"(2, 1, 0, 2)",0.945
"(2, 1, 0, 4)",0.9475
"(2, 1, 0, 8)",0.9425
"(2, 1, 0, 16)",0.9425
"(2, 1, 0, 32)",0.9425
"(2, 1, 0, 64)",0.9375
"(2, 1, 1, 0)",0.9575
"(2, 1, 1, 1)",0.945
"(2, 1, 1, 2)",0.9475
"(2, 1, 1, 4)",0.9475
"(2, 1, 1, 8)",0.9425
"(2, 1, 1, 16)",0.9425
"(2, 1, 1, 32)",0.9425
"(2, 1, 1, 64)",0.9375
"(2, 1, 2, 0)",0.945
"(2, 1, 2, 1)",0.9475
"(2, 1, 2, 2)",0.9475
"(2, 1, 2, 4)",0.945
"(2, 1, 2, 8)",0.9425
"(2, 1, 2, 16)",0.9425
"(2, 1, 2, 32)",0.9425
"(2, 1, 2, 64)",0.935
"(2, 1, 4, 0)",0.9475
"(2, 1, 4, 1)",0.9475
"(2, 1, 4, 2)",0.945
"(2, 1, 4, 4)",0.9425
"(2, 1, 4, 8)",0.9425
"(2, 1, 4, 16)",0.94
"(2, 1, 4, 32)",0.9425
"(2, 1, 4, 64)",0.935
"(2, 1, 8, 0)",0.9425
"(2, 1, 8, 1)",0.9425
"(2, 1, 8, 2)",0.9425
"(2, 1, 8, 4)",0.9425
"(2, 1, 8, 8)",0.9425
"(2, 1, 8, 16)",0.94
"(2, 1, 8, 32)",0.9425
"(2, 1, 8, 64)",0.935
"(2, 1, 16, 0)",0.9425
"(2, 1, 16, 1)",0.9425
"(2, 1, 16, 2)",0.9425
"(2, 1, 16, 4)",0.94
"(2, 1, 16, 8)",0.94
"(2, 1, 16, 16)",0.9425
"(2, 1, 16, 32)",0.94
"(2, 1, 16, 64)",0.9325
"(2, 1, 32, 0)",0.9425
"(2, 1, 32, 1)",0.9425
"(2, 1, 32, 2)",0.9425
"(2, 1, 32, 4)",0.9425
"(2, 1, 32, 8)",0.9425
"(2, 1, 32, 16)",0.94
"(2, 1, 32, 32)",0.9375
"(2, 1, 32, 64)",0.9275
"(2, 1, 64, 0)",0.9375
"(2, 1, 64, 1)",0.9375
"(2, 1, 64, 2)",0.935
"(2, 1, 64, 4)",0.935
"(2, 1, 64, 8)",0.935
"(2, 1, 64, 16)",0.9325
"(2, 1, 64, 32)",0.9275
"(2, 1, 64, 64)",0.9275
"(2, 2, 0, 0)",0.985
"(2, 2, 0, 1)",0.965
"(2, 2, 0, 2)",0.9575
"(2, 2, 0, 4)",0.95
"(2, 2, 0, 8)",0.95
"(2, 2, 0, 16)",0.9475
"(2, 2, 0, 32)",0.9525
"(2, 2, 0, 64)",0.9425
"(2, 2, 1, 0)",0.965
"(2, 2, 1, 1)",0.9575
"(2, 2, 1, 2)",0.945
"(2, 2, 1, 4)",0.95
"(2, 2, 1, 8)",0.95
"(2, 2, 1, 16)",0.95
"(2, 2, 1, 32)",0.9525
"(2, 2, 1, 64)",0.9425
"(2, 2, 2, 0)",0.9575
"(2, 2, 2, 1)",0.945
"(2, 2, 2, 2)",0.95
"(2, 2, 2, 4)",0.95
"(2, 2, 2, 8)",0.95
"(2, 2, 2, 16)",0.95
"(2, 2, 2, 32)",0.9525
"(2, 2, 2, 64)",0.9425
"(2, 2, 4, 0)",0.95
"(2, 2, 4, 1)",0.95
"(2, 2, 4, 2)",0.95
"(2, 2, 4, 4)",0.95
"(2, 2, 4, 8)",0.9475
"(2, 2, 4, 16)",0.95
"(2, 2, 4, 32)",0.9525
"(2, 2, 4, 64)",0.9425
"(2, 2, 8, 0)",0.95
"(2, 2, 8, 1)",0.95
"(2, 2, 8, 2)",0.95
"(2, 2, 8, 4)",0.9475
"(2, 2, 8, 8)",0.9475
"(2, 2, 8, 16)",0.95
"(2, 2, 8, 32)",0.95
"(2, 2, 8, 64)",0.94
"(2, 2, 16, 0)",0.9475
"(2, 2, 16, 1)",0.95
"(2, 2, 16, 2)",0.95
"(2, 2, 16, 4)",0.95
"(2, 2, 16, 8)",0.95
"(2, 2, 16, 16)",0.9525
"(2, 2, 16, 32)",0.9425
"(2, 2, 16, 64)",0.9375
"(2, 2, 32, 0)",0.9525
"(2, 2, 32, 1)",0.9525
"(2, 2, 32, 2)",0.9525
"(2, 2, 32, 4)",0.9525
"(2, 2, 32, 8)",0.95
"(2, 2, 32, 16)",0.9425
"(2, 2, 32, 32)",0.9425
"(2, 2, 32, 64)",0.935
"(2, 2, 64, 0)",0.9425
"(2, 2, 64, 1)",0.9425
"(2, 2, 64, 2)",0.9425
"(2, 2, 64, 4)",0.9425
"(2, 2, 64, 8)",0.94
"(2, 2, 64, 16)",0.9375
"(2, 2, 64, 32)",0.935
"(2, 2, 64, 64)",0.93
"(2, 4, 0, 0)",0.9875
"(2, 4, 0, 1)",0.97
"(2, 4, 0, 2)",0.9625
"(2, 4, 0, 4)",0.9575
"(2, 4, 0, 8)",0.95
"(2, 4, 0, 16)",0.95
"(2, 4, 0, 32)",0.9425
"(2, 4, 0, 64)",0.9425
"(2, 4, 1, 0)",0.97
"(2, 4, 1, 1)",0.9625
"(2, 4, 1, 2)",0.9575
"(2, 4, 1, 4)",0.955
"(2, 4, 1, 8)",0.95
"(2, 4, 1, 16)",0.95
"(2, 4, 1, 32)",0.9425
"(2, 4, 1, 64)",0.9425
"(2, 4, 2, 0)",0.9625
"(2, 4, 2, 1)",0.9575
"(2, 4, 2, 2)",0.9575
"(2, 4, 2, 4)",0.9525
"(2, 4, 2, 8)",0.95
"(2, 4, 2, 16)",0.9475
"(2, 4, 2, 32)",0.9425
"(2, 4, 2, 64)",0.9425
"(2, 4, 4, 0)",0.9575
"(2, 4, 4, 1)",0.955
"(2, 4, 4, 2)",0.9525
"(2, 4, 4, 4)",0.95
"(2, 4, 4, 8)",0.95
"(2, 4, 4, 16)",0.9475
"(2, 4, 4, 32)",0.9425
"(2, 4, 4, 64)",0.9425
"(2, 4, 8, 0)",0.95
"(2, 4, 8, 1)",0.95
"(2, 4, 8, 2)",0.95
"(2, 4, 8, 4)",0.95
"(2, 4, 8, 8)",0.95
"(2, 4, 8, 16)",0.945
"(2, 4, 8, 32)",0.9425
"(2, 4, 8, 64)",0.9425
"(2, 4, 16, 0)",0.95
"(2, 4, 16, 1)",0.95
"(2, 4, 16, 2)",0.9475
"(2, 4, 16, 4)",0.9475
"(2, 4, 16, 8)",0.945
"(2, 4, 16, 16)",0.9425
"(2, 4, 16, 32)",0.94
"(2, 4, 16, 64)",0.9425
"(2, 4, 32, 0)",0.9425
"(2, 4, 32, 1)",0.9425
"(2, 4, 32, 2)",0.9425
"(2, 4, 32, 4)",0.9425
"(2, 4, 32, 8)",0.9425
"(2, 4, 32, 16)",0.94
"(2, 4, 32, 32)",0.9425
"(2, 4, 32, 64)",0.94
"(2, 4, 64, 0)",0.9425
"(2, 4, 64, 1)",0.9425
"(2, 4, 64, 2)",0.9425
"(2, 4, 64, 4)",0.9425
"(2, 4, 64, 8)",0.9425
"(2, 4, 64, 16)",0.9425
"(2, 4, 64, 32)",0.94
"(2, 4, 64, 64)",0.9275
"(2, 8, 0, 0)",0.9875
"(2, 8, 0, 1)",0.9675
"(2, 8, 0, 2)",0.9575
"(2, 8, 0, 4)",0.9525
"(2, 8, 0, 8)",0.9525
"(2, 8, 0, 16)",0.94
"(2, 8, 0, 32)",0.9375
"(2, 8, 0, 64)",0.935
"(2, 8, 1, 0)",0.9675
"(2, 8, 1, 1)",0.9575
"(2, 8, 1, 2)",0.9525
"(2, 8, 1, 4)",0.9525
"(2, 8, 1, 8)",0.9525
"(2, 8, 1, 16)",0.94
"(2, 8, 1, 32)",0.9375
"(2, 8, 1, 64)",0.935
"(2, 8, 2, 0)",0.9575
"(2, 8, 2, 1)",0.9525
"(2, 8, 2, 2)",0.9525
"(2, 8, 2, 4)",0.9525
"(2, 8, 2, 8)",0.9525
"(2, 8, 2, 16)",0.9375
"(2, 8, 2, 32)",0.94
"(2, 8, 2, 64)",0.935
"(2, 8, 4, 0)",0.9525
"(2, 8, 4, 1)",0.9525
"(2, 8, 4, 2)",0.9525
"(2, 8, 4, 4)",0.9525
"(2, 8, 4, 8)",0.945
"(2, 8, 4, 16)",0.9375
"(2, 8, 4, 32)",0.9375
"(2, 8, 4, 64)",0.9325
"(2, 8, 8, 0)",0.9525
"(2, 8, 8, 1)",0.9525
"(2, 8, 8, 2)",0.9525
"(2, 8, 8, 4)",0.945
"(2, 8, 8, 8)",0.94
"(2, 8, 8, 16)",0.9425
"(2, 8, 8, 32)",0.935
"(2, 8, 8, 64)",0.9325
"(2, 8, 16, 0)",0.94
"(2, 8, 16, 1)",0.94
"(2, 8, 16, 2)",0.9375
"(2, 8, 16, 4)",0.9375
"(2, 8, 16, 8)",0.9425
"(2, 8, 16, 16)",0.9375
"(2, 8, 16, 32)",0.935
"(2, 8, 16, 64)",0.935
"(2, 8, 32, 0)",0.9375
"(2, 8, 32, 1)",0.9375
"(2, 8, 32, 2)",0.94
"(2, 8, 32, 4)",0.9375
"(2, 8, 32, 8)",0.935
"(2, 8, 32, 16)",0.935
"(2, 8, 32, 32)",0.935
"(2, 8, 32, 64)",0.9375
"(2, 8, 64, 0)",0.935
"(2, 8, 64, 1)",0.935
"(2, 8, 64, 2)",0.935
"(2, 8, 64, 4)",0.9325
"(2, 8, 64, 8)",0.9325
"(2, 8, 64, 16)",0.935
"(2, 8, 64, 32)",0.9375
"(2, 8, 64, 64)",0.935
"(2, 16, 0, 0)",0.9825
"(2, 16, 0, 1)",0.965
"(2, 16, 0, 2)",0.9575
"(2, 16, 0, 4)",0.9475
"(2, 16, 0, 8)",0.9525
"(2, 16, 0, 16)",0.9475
"(2, 16, 0, 32)",0.9375
"(2, 16, 0, 64)",0.9325
"(2, 16, 1, 0)",0.965
"(2, 16, 1, 1)",0.9575
"(2, 16, 1, 2)",0.95
"(2, 16, 1, 4)",0.95
"(2, 16, 1, 8)",0.9525
"(2, 16, 1, 16)",0.95
"(2, 16, 1, 32)",0.9375
"(2, 16, 1, 64)",0.93
"(2, 16, 2, 0)",0.9575
"(2, 16, 2, 1)",0.95
"(2, 16, 2, 2)",0.9475
"(2, 16, 2, 4)",0.9525
"(2, 16, 2, 8)",0.955
"(2, 16, 2, 16)",0.9475
"(2, 16, 2, 32)",0.9375
"(2, 16, 2, 64)",0.93
"(2, 16, 4, 0)",0.9475
"(2, 16, 4, 1)",0.95
"(2, 16, 4, 2)",0.9525
"(2, 16, 4, 4)",0.9525
"(2, 16, 4, 8)",0.9525
"(2, 16, 4, 16)",0.9475
"(2, 16, 4, 32)",0.935
"(2, 16, 4, 64)",0.9325
"(2, 16, 8, 0)",0.9525
"(2, 16, 8, 1)",0.9525
"(2, 16, 8, 2)",0.955
"(2, 16, 8, 4)",0.9525
"(2, 16, 8, 8)",0.9475
"(2, 16, 8, 16)",0.945
"(2, 16, 8, 32)",0.935
"(2, 16, 8, 64)",0.9325
"(2, 16, 16, 0)",0.9475
"(2, 16, 16, 1)",0.95
"(2, 16, 16, 2)",0.9475
"(2, 16, 16, 4)",0.9475
"(2, 16, 16, 8)",0.945
"(2, 16, 16, 16)",0.9375
"(2, 16, 16, 32)",0.935
"(2, 16, 16, 64)",0.93
"(2, 16, 32, 0)",0.9375
"(2, 16, 32, 1)",0.9375
"(2, 16, 32, 2)",0.9375
"(2, 16, 32, 4)",0.935
"(2, 16, 32, 8)",0.935
"(2, 16, 32, 16)",0.935
"(2, 16, 32, 32)",0.9325
"(2, 16, 32, 64)",0.9275
"(2, 16, 64, 0)",0.9325
"(2, 16, 64, 1)",0.93
"(2, 16, 64, 2)",0.93
"(2, 16, 64, 4)",0.9325
"(2, 16, 64, 8)",0.9325
"(2, 16, 64, 16)",0.93
"(2, 16, 64, 32)",0.9275
"(2, 16, 64, 64)",0.9275
"(2, 32, 0, 0)",0.98
"(2, 32, 0, 1)",0.9675
"(2, 32, 0, 2)",0.955
"(2, 32, 0, 4)",0.945
"(2, 32, 0, 8)",0.9475
"(2, 32, 0, 16)",0.95
"(2, 32, 0, 32)",0.9375
"(2, 32, 0, 64)",0.935
"(2, 32, 1, 0)",0.9675
"(2, 32, 1, 1)",0.955
"(2, 32, 1, 2)",0.945
"(2, 32, 1, 4)",0.9475
"(2, 32, 1, 8)",0.95
"(2, 32, 1, 16)",0.9525
"(2, 32, 1, 32)",0.9375
"(2, 32, 1, 64)",0.935
"(2, 32, 2, 0)",0.955
"(2, 32, 2, 1)",0.945
"(2, 32, 2, 2)",0.945
"(2, 32, 2, 4)",0.95
"(2, 32, 2, 8)",0.9525
"(2, 32, 2, 16)",0.9525
"(2, 32, 2, 32)",0.9375
"(2, 32, 2, 64)",0.935
"(2, 32, 4, 0)",0.945
"(2, 32, 4, 1)",0.9475
"(2, 32, 4, 2)",0.95
"(2, 32, 4, 4)",0.9475
"(2, 32, 4, 8)",0.95
"(2, 32, 4, 16)",0.95
"(2, 32, 4, 32)",0.935
"(2, 32, 4, 64)",0.9325
"(2, 32, 8, 0)",0.9475
"(2, 32, 8, 1)",0.95
"(2, 32, 8, 2)",0.9525
"(2, 32, 8, 4)",0.95
"(2, 32, 8, 8)",0.95
"(2, 32, 8, 16)",0.9475
"(2, 32, 8, 32)",0.935
"(2, 32, 8, 64)",0.93
"(2, 32, 16, 0)",0.95
"(2, 32, 16, 1)",0.9525
"(2, 32, 16, 2)",0.9525
"(2, 32, 16, 4)",0.95
"(2, 32, 16, 8)",0.9475
"(2, 32, 16, 16)",0.9375
"(2, 32, 16, 32)",0.935
"(2, 32, 16, 64)",0.9275
"(2, 32, 32, 0)",0.9375
"(2, 32, 32, 1)",0.9375
"(2, 32, 32, 2)",0.9375
"(2, 32, 32, 4)",0.935
"(2, 32, 32, 8)",0.935
"(2, 32, 32, 16)",0.935
"(2, 32, 32, 32)",0.935
"(2, 32, 32, 64)",0.9175
"(2, 32, 64, 0)",0.935
"(2, 32, 64, 1)",0.935
"(2, 32, 64, 2)",0.935
"(2, 32, 64, 4)",0.9325
"(2, 32, 64, 8)",0.93
"(2, 32, 64, 16)",0.9275
"(2, 32, 64, 32)",0.9175
"(2, 32, 64, 64)",0.915
"(2, 64, 0, 0)",0.975
"(2, 64, 0, 1)",0.9725
"(2, 64, 0, 2)",0.9625
"(2, 64, 0, 4)",0.9475
"(2, 64, 0, 8)",0.945
"(2, 64, 0, 16)",0.94
"(2, 64, 0, 32)",0.9275
"(2, 64, 0, 64)",0.915
"(2, 64, 1, 0)",0.9725
"(2, 64, 1, 1)",0.9625
"(2, 64, 1, 2)",0.95
"(2, 64, 1, 4)",0.945
"(2, 64, 1, 8)",0.945
"(2, 64, 1, 16)",0.9375
"(2, 64, 1, 32)",0.9275
"(2, 64, 1, 64)",0.915
"(2, 64, 2, 0)",0.9625
"(2, 64, 2, 1)",0.95
"(2, 64, 2, 2)",0.9475
"(2, 64, 2, 4)",0.945
"(2, 64, 2, 8)",0.9475
"(2, 64, 2, 16)",0.9375
"(2, 64, 2, 32)",0.925
"(2, 64, 2, 64)",0.915
"(2, 64, 4, 0)",0.9475
"(2, 64, 4, 1)",0.945
"(2, 64, 4, 2)",0.945
"(2, 64, 4, 4)",0.945
"(2, 64, 4, 8)",0.945
"(2, 64, 4, 16)",0.9375
"(2, 64, 4, 32)",0.925
"(2, 64, 4, 64)",0.915
"(2, 64, 8, 0)",0.945
"(2, 64, 8, 1)",0.945
"(2, 64, 8, 2)",0.9475
"(2, 64, 8, 4)",0.945
"(2, 64, 8, 8)",0.94
"(2, 64, 8, 16)",0.935
"(2, 64, 8, 32)",0.925
"(2, 64, 8, 64)",0.9125
"(2, 64, 16, 0)",0.94
"(2, 64, 16, 1)",0.9375
"(2, 64, 16, 2)",0.9375
"(2, 64, 16, 4)",0.9375
"(2, 64, 16, 8)",0.935
"(2, 64, 16, 16)",0.9275
"(2, 64, 16, 32)",0.92
"(2, 64, 16, 64)",0.9125
"(2, 64, 32, 0)",0.9275
"(2, 64, 32, 1)",0.9275
"(2, 64, 32, 2)",0.925
"(2, 64, 32, 4)",0.925
"(2, 64, 32, 8)",0.925
"(2, 64, 32, 16)",0.92
"(2, 64, 32, 32)",0.915
"(2, 64, 32, 64)",0.9125
"(2, 64, 64, 0)",0.915
"(2, 64, 64, 1)",0.915
"(2, 64, 64, 2)",0.915
"(2, 64, 64, 4)",0.915
"(2, 64, 64, 8)",0.9125
"(2, 64, 64, 16)",0.9125
"(2, 64, 64, 32)",0.9125
"(2, 64, 64, 64)",0.9075
"(4, 0, 0, 0)",0.82
"(4, 0, 0, 1)",0.8375
"(4, 0, 0, 2)",0.8325
"(4, 0, 0, 4)",0.845
"(4, 0, 0, 8)",0.84
"(4, 0, 0, 16)",0.835
"(4, 0, 0, 32)",0.83
"(4, 0, 0, 64)",0.8375
"(4, 0, 1, 0)",0.8375
"(4, 0, 1, 1)",0.8325
"(4, 0, 1, 2)",0.84
"(4, 0, 1, 4)",0.8475
"(4, 0, 1, 8)",0.8375
"(4, 0, 1, 16)",0.8375
"(4, 0, 1, 32)",0.83
"(4, 0, 1, 64)",0.8375
"(4, 0, 2, 0)",0.8325
"(4, 0, 2, 1)",0.84
"(4, 0, 2, 2)",0.845
"(4, 0, 2, 4)",0.84
"(4, 0, 2, 8)",0.8375
"(4, 0, 2, 16)",0.8375
"(4, 0, 2, 32)",0.8275
"(4, 0, 2, 64)",0.8375
"(4, 0, 4, 0)",0.845
"(4, 0, 4, 1)",0.8475
"(4, 0, 4, 2)",0.84
"(4, 0, 4, 4)",0.84
"(4, 0, 4, 8)",0.835
"(4, 0, 4, 16)",0.8375
"(4, 0, 4, 32)",0.8275
"(4, 0, 4, 64)",0.84
"(4, 0, 8, 0)",0.84
"(4, 0, 8, 1)",0.8375
"(4, 0, 8, 2)",0.8375
"(4, 0, 8, 4)",0.835
"(4, 0, 8, 8)",0.835
"(4, 0, 8, 16)",0.8325
"(4, 0, 8, 32)",0.8275
"(4, 0, 8, 64)",0.8475
"(4, 0, 16, 0)",0.835
"(4, 0, 16, 1)",0.8375
"(4, 0, 16, 2)",0.8375
"(4, 0, 16, 4)",0.8375
"(4, 0, 16, 8)",0.8325
"(4, 0, 16, 16)",0.83
"(4, 0, 16, 32)",0.835
"(4, 0, 16, 64)",0.845
"(4, 0, 32, 0)",0.83
"(4, 0, 32, 1)",0.83
"(4, 0, 32, 2)",0.8275
"(4, 0, 32, 4)",0.8275
"(4, 0, 32, 8)",0.8275
"(4, 0, 32, 16)",0.835
"(4, 0, 32, 32)",0.8375
"(4, 0, 32, 64)",0.845
"(4, 0, 64, 0)",0.8375
"(4, 0, 64, 1)",0.8375
"(4, 0, 64, 2)",0.8375
"(4, 0, 64, 4)",0.84
"(4, 0, 64, 8)",0.8475
"(4, 0, 64, 16)",0.845
"(4, 0, 64, 32)",0.845
"(4, 0, 64, 64)",0.845
"(4, 1, 0, 0)",0.985
"(4, 1, 0, 1)",0.965
"(4, 1, 0, 2)",0.955
"(4, 1, 0, 4)",0.945
"(4, 1, 0, 8)",0.945
"(4, 1, 0, 16)",0.94
"(4, 1, 0, 32)",0.9425
"(4, 1, 0, 64)",0.945
"(4, 1, 1, 0)",0.965
"(4, 1, 1, 1)",0.955
"(4, 1, 1, 2)",0.9475
"(4, 1, 1, 4)",0.9475
"(4, 1, 1, 8)",0.945
"(4, 1, 1, 16)",0.94
"(4, 1, 1, 32)",0.9425
"(4, 1, 1, 64)",0.945
"(4, 1, 2, 0)",0.955
"(4, 1, 2, 1)",0.9475
"(4, 1, 2, 2)",0.945
"(4, 1, 2, 4)",0.945
"(4, 1, 2, 8)",0.945
"(4, 1, 2, 16)",0.94
"(4, 1, 2, 32)",0.94
"(4, 1, 2, 64)",0.945
"(4, 1, 4, 0)",0.945
"(4, 1, 4, 1)",0.9475
"(4, 1, 4, 2)",0.945
"(4, 1, 4, 4)",0.945
"(4, 1, 4, 8)",0.94
"(4, 1, 4, 16)",0.94
"(4, 1, 4, 32)",0.94
"(4, 1, 4, 64)",0.945
"(4, 1, 8, 0)",0.945
"(4, 1, 8, 1)",0.945
"(4, 1, 8, 2)",0.945
"(4, 1, 8, 4)",0.94
"(4, 1, 8, 8)",0.94
"(4, 1, 8, 16)",0.945
"(4, 1, 8, 32)",0.94
"(4, 1, 8, 64)",0.945
"(4, 1, 16, 0)",0.94
"(4, 1, 16, 1)",0.94
"(4, 1, 16, 2)",0.94
"(4, 1, 16, 4)",0.94
"(4, 1, 16, 8)",0.945
"(4, 1, 16, 16)",0.9425
"(4, 1, 16, 32)",0.94
"(4, 1, 16, 64)",0.9475
"(4, 1, 32, 0)",0.9425
"(4, 1, 32, 1)",0.9425
"(4, 1, 32, 2)",0.94
"(4, 1, 32, 4)",0.94
"(4, 1, 32, 8)",0.94
"(4, 1, 32, 16)",0.94
"(4, 1, 32, 32)",0.945
"(4, 1, 32, 64)",0.945
"(4, 1, 64, 0)",0.945
"(4, 1, 64, 1)",0.945
"(4, 1, 64, 2)",0.945
"(4, 1, 64, 4)",0.945
"(4, 1, 64, 8)",0.945
"(4, 1, 64, 16)",0.9475
"(4, 1, 64, 32)",0.945
"(4, 1, 64, 64)",0.94
"(4, 2, 0, 0)",0.985
"(4, 2, 0, 1)",0.97
"(4, 2, 0, 2)",0.9575
"(4, 2, 0, 4)",0.945
"(4, 2, 0, 8)",0.9475
"(4, 2, 0, 16)",0.9425
"(4, 2, 0, 32)",0.9425
"(4, 2, 0, 64)",0.9425
"(4, 2, 1, 0)",0.97
"(4, 2, 1, 1)",0.9575
"(4, 2, 1, 2)",0.95
"(4, 2, 1, 4)",0.945
"(4, 2, 1, 8)",0.9475
"(4, 2, 1, 16)",0.94
"(4, 2, 1, 32)",0.9425
"(4, 2, 1, 64)",0.9425
"(4, 2, 2, 0)",0.9575
"(4, 2, 2, 1)",0.95
"(4, 2, 2, 2)",0.945
"(4, 2, 2, 4)",0.9475
"(4, 2, 2, 8)",0.9475
"(4, 2, 2, 16)",0.9425
"(4, 2, 2, 32)",0.9425
"(4, 2, 2, 64)",0.9425
"(4, 2, 4, 0)",0.945
"(4, 2, 4, 1)",0.945
"(4, 2, 4, 2)",0.9475
"(4, 2, 4, 4)",0.9475
"(4, 2, 4, 8)",0.945
"(4, 2, 4, 16)",0.9425
"(4, 2, 4, 32)",0.9425
"(4, 2, 4, 64)",0.9425
"(4, 2, 8, 0)",0.9475
"(4, 2, 8, 1)",0.9475
"(4, 2, 8, 2)",0.9475
"(4, 2, 8, 4)",0.945
"(4, 2, 8, 8)",0.9425
"(4, 2, 8, 16)",0.9425
"(4, 2, 8, 32)",0.94
"(4, 2, 8, 64)",0.9425
"(4, 2, 16, 0)",0.9425
"(4, 2, 16, 1)",0.94
"(4, 2, 16, 2)",0.9425
"(4, 2, 16, 4)",0.9425
"(4, 2, 16, 8)",0.9425
"(4, 2, 16, 16)",0.9425
"(4, 2, 16, 32)",0.94
"(4, 2, 16, 64)",0.9425
"(4, 2, 32, 0)",0.9425
"(4, 2, 32, 1)",0.9425
"(4, 2, 32, 2)",0.9425
"(4, 2, 32, 4)",0.9425
"(4, 2, 32, 8)",0.94
"(4, 2, 32, 16)",0.94
"(4, 2, 32, 32)",0.9425
"(4, 2, 32, 64)",0.94
"(4, 2, 64, 0)",0.9425
"(4, 2, 64, 1)",0.9425
"(4, 2, 64, 2)",0.9425
"(4, 2, 64, 4)",0.9425
"(4, 2, 64, 8)",0.9425
"(4, 2, 64, 16)",0.9425
"(4, 2, 64, 32)",0.94
"(4, 2, 64, 64)",0.9375
"(4, 4, 0, 0)",0.985
"(4, 4, 0, 1)",0.9675
"(4, 4, 0, 2)",0.965
"(4, 4, 0, 4)",0.9575
"(4, 4, 0, 8)",0.95
"(4, 4, 0, 16)",0.95
"(4, 4, 0, 32)",0.9475
"(4, 4, 0, 64)",0.9525
"(4, 4, 1, 0)",0.9675
"(4, 4, 1, 1)",0.965
"(4, 4, 1, 2)",0.96
"(4, 4, 1, 4)",0.9525
"(4, 4, 1, 8)",0.95
"(4, 4, 1, 16)",0.95
"(4, 4, 1, 32)",0.95
"(4, 4, 1, 64)",0.9525
"(4, 4, 2, 0)",0.965
"(4, 4, 2, 1)",0.96
"(4, 4, 2, 2)",0.9575
"(4, 4, 2, 4)",0.945
"(4, 4, 2, 8)",0.95
"(4, 4, 2, 16)",0.95
"(4, 4, 2, 32)",0.95
"(4, 4, 2, 64)",0.9525
"(4, 4, 4, 0)",0.9575
"(4, 4, 4, 1)",0.9525
"(4, 4, 4, 2)",0.945
"(4, 4, 4, 4)",0.95
"(4, 4, 4, 8)",0.95
"(4, 4, 4, 16)",0.95
"(4, 4, 4, 32)",0.95
"(4, 4, 4, 64)",0.9525
"(4, 4, 8, 0)",0.95
"(4, 4, 8, 1)",0.95
"(4, 4, 8, 2)",0.95
"(4, 4, 8, 4)",0.95
"(4, 4, 8, 8)",0.95
"(4, 4, 8, 16)",0.9475
"(4, 4, 8, 32)",0.95
"(4, 4, 8, 64)",0.9525
"(4, 4, 16, 0)",0.95
"(4, 4, 16, 1)",0.95
"(4, 4, 16, 2)",0.95
"(4, 4, 16, 4)",0.95
"(4, 4, 16, 8)",0.9475
"(4, 4, 16, 16)",0.9475
"(4, 4, 16, 32)",0.95
"(4, 4, 16, 64)",0.95
"(4, 4, 32, 0)",0.9475
"(4, 4, 32, 1)",0.95
"(4, 4, 32, 2)",0.95
"(4, 4, 32, 4)",0.95
"(4, 4, 32, 8)",0.95
"(4, 4, 32, 16)",0.95
"(4, 4, 32, 32)",0.9525
"(4, 4, 32, 64)",0.9425
"(4, 4, 64, 0)",0.9525
"(4, 4, 64, 1)",0.9525
"(4, 4, 64, 2)",0.9525
"(4, 4, 64, 4)",0.9525
"(4, 4, 64, 8)",0.9525
"(4, 4, 64, 16)",0.95
"(4, 4, 64, 32)",0.9425
"(4, 4, 64, 64)",0.9425
"(4, 8, 0, 0)",0.9875
"(4, 8, 0, 1)",0.97
"(4, 8, 0, 2)",0.97
"(4, 8, 0, 4)",0.9625
"(4, 8, 0, 8)",0.9575
"(4, 8, 0, 16)",0.95
"(4, 8, 0, 32)",0.95
"(4, 8, 0, 64)",0.9425
"(4, 8, 1, 0)",0.97
"(4, 8, 1, 1)",0.97
"(4, 8, 1, 2)",0.9625
"(4, 8, 1, 4)",0.96
"(4, 8, 1, 8)",0.955
"(4, 8, 1, 16)",0.95
"(4, 8, 1, 32)",0.9475
"(4, 8, 1, 64)",0.9425
"(4, 8, 2, 0)",0.97
"(4, 8, 2, 1)",0.9625
"(4, 8, 2, 2)",0.9625
"(4, 8, 2, 4)",0.9575
"(4, 8, 2, 8)",0.955
"(4, 8, 2, 16)",0.95
"(4, 8, 2, 32)",0.95
"(4, 8, 2, 64)",0.9425
"(4, 8, 4, 0)",0.9625
"(4, 8, 4, 1)",0.96
"(4, 8, 4, 2)",0.9575
"(4, 8, 4, 4)",0.9575
"(4, 8, 4, 8)",0.9525
"(4, 8, 4, 16)",0.95
"(4, 8, 4, 32)",0.9475
"(4, 8, 4, 64)",0.9425
"(4, 8, 8, 0)",0.9575
"(4, 8, 8, 1)",0.955
"(4, 8, 8, 2)",0.955
"(4, 8, 8, 4)",0.9525
"(4, 8, 8, 8)",0.95
"(4, 8, 8, 16)",0.95
"(4, 8, 8, 32)",0.9475
"(4, 8, 8, 64)",0.9425
"(4, 8, 16, 0)",0.95
"(4, 8, 16, 1)",0.95
"(4, 8, 16, 2)",0.95
"(4, 8, 16, 4)",0.95
"(4, 8, 16, 8)",0.95
"(4, 8, 16, 16)",0.95
"(4, 8, 16, 32)",0.945
"(4, 8, 16, 64)",0.9425
"(4, 8, 32, 0)",0.95
"(4, 8, 32, 1)",0.9475
"(4, 8, 32, 2)",0.95
"(4, 8, 32, 4)",0.9475
"(4, 8, 32, 8)",0.9475
"(4, 8, 32, 16)",0.945
"(4, 8, 32, 32)",0.9425
"(4, 8, 32, 64)",0.94
"(4, 8, 64, 0)",0.9425
"(4, 8, 64, 1)",0.9425
"(4, 8, 64, 2)",0.9425
"(4, 8, 64, 4)",0.9425
"(4, 8, 64, 8)",0.9425
"(4, 8, 64, 16)",0.9425
"(4, 8, 64, 32)",0.94
"(4, 8, 64, 64)",0.9425
"(4, 16, 0, 0)",0.9875
"(4, 16, 0, 1)",0.97
"(4, 16, 0, 2)",0.9675
"(4, 16, 0, 4)",0.9575
"(4, 16, 0, 8)",0.9525
"(4, 16, 0, 16)",0.9525
"(4, 16, 0, 32)",0.94
"(4, 16, 0, 64)",0.9375
"(4, 16, 1, 0)",0.97
"(4, 16, 1, 1)",0.9675
"(4, 16, 1, 2)",0.9575
"(4, 16, 1, 4)",0.9575
"(4, 16, 1, 8)",0.9525
"(4, 16, 1, 16)",0.9525
"(4, 16, 1, 32)",0.94
"(4, 16, 1, 64)",0.9375
"(4, 16, 2, 0)",0.9675
"(4, 16, 2, 1)",0.9575
"(4, 16, 2, 2)",0.9575
"(4, 16, 2, 4)",0.9525
"(4, 16, 2, 8)",0.9525
"(4, 16, 2, 16)",0.9525
"(4, 16, 2, 32)",0.94
"(4, 16, 2, 64)",0.9375
"(4, 16, 4, 0)",0.9575
"(4, 16, 4, 1)",0.9575
"(4, 16, 4, 2)",0.9525
"(4, 16, 4, 4)",0.9525
"(4, 16, 4, 8)",0.9525
"(4, 16, 4, 16)",0.9525
"(4, 16, 4, 32)",0.9375
"(4, 16, 4, 64)",0.94
"(4, 16, 8, 0)",0.9525
"(4, 16, 8, 1)",0.9525
"(4, 16, 8, 2)",0.9525
"(4, 16, 8, 4)",0.9525
"(4, 16, 8, 8)",0.9525
"(4, 16, 8, 16)",0.945
"(4, 16, 8, 32)",0.9375
"(4, 16, 8, 64)",0.9375
"(4, 16, 16, 0)",0.9525
"(4, 16, 16, 1)",0.9525
"(4, 16, 16, 2)",0.9525
"(4, 16, 16, 4)",0.9525
"(4, 16, 16, 8)",0.945
"(4, 16, 16, 16)",0.94
"(4, 16, 16, 32)",0.9425
"(4, 16, 16, 64)",0.935
"(4, 16, 32, 0)",0.94
"(4, 16, 32, 1)",0.94
"(4, 16, 32, 2)",0.94
"(4, 16, 32, 4)",0.9375
"(4, 16, 32, 8)",0.9375
"(4, 16, 32, 16)",0.9425
"(4, 16, 32, 32)",0.9375
"(4, 16, 32, 64)",0.935
"(4, 16, 64, 0)",0.9375
"(4, 16, 64, 1)",0.9375
"(4, 16, 64, 2)",0.9375
"(4, 16, 64, 4)",0.94
"(4, 16, 64, 8)",0.9375
"(4, 16, 64, 16)",0.935
"(4, 16, 64, 32)",0.935
"(4, 16, 64, 64)",0.935
"(4, 32, 0, 0)",0.9825
"(4, 32, 0, 1)",0.9725
"(4, 32, 0, 2)",0.965
"(4, 32, 0, 4)",0.9575
"(4, 32, 0, 8)",0.9475
"(4, 32, 0, 16)",0.9525
"(4, 32, 0, 32)",0.9475
"(4, 32, 0, 64)",0.9375
"(4, 32, 1, 0)",0.9725
"(4, 32, 1, 1)",0.965
"(4, 32, 1, 2)",0.9625
"(4, 32, 1, 4)",0.9575
"(4, 32, 1, 8)",0.9475
"(4, 32, 1, 16)",0.9525
"(4, 32, 1, 32)",0.9475
"(4, 32, 1, 64)",0.9375
"(4, 32, 2, 0)",0.965
"(4, 32, 2, 1)",0.9625
"(4, 32, 2, 2)",0.9575
"(4, 32, 2, 4)",0.95
"(4, 32, 2, 8)",0.95
"(4, 32, 2, 16)",0.9525
"(4, 32, 2, 32)",0.95
"(4, 32, 2, 64)",0.9375
"(4, 32, 4, 0)",0.9575
"(4, 32, 4, 1)",0.9575
"(4, 32, 4, 2)",0.95
"(4, 32, 4, 4)",0.9475
"(4, 32, 4, 8)",0.9525
"(4, 32, 4, 16)",0.955
"(4, 32, 4, 32)",0.9475
"(4, 32, 4, 64)",0.9375
"(4, 32, 8, 0)",0.9475
"(4, 32, 8, 1)",0.9475
"(4, 32, 8, 2)",0.95
"(4, 32, 8, 4)",0.9525
"(4, 32, 8, 8)",0.9525
"(4, 32, 8, 16)",0.9525
"(4, 32, 8, 32)",0.9475
"(4, 32, 8, 64)",0.935
"(4, 32, 16, 0)",0.9525
"(4, 32, 16, 1)",0.9525
"(4, 32, 16, 2)",0.9525
"(4, 32, 16, 4)",0.955
"(4, 32, 16, 8)",0.9525
"(4, 32, 16, 16)",0.9475
"(4, 32, 16, 32)",0.945
"(4, 32, 16, 64)",0.935
"(4, 32, 32, 0)",0.9475
"(4, 32, 32, 1)",0.9475
"(4, 32, 32, 2)",0.95
"(4, 32, 32, 4)",0.9475
"(4, 32, 32, 8)",0.9475
"(4, 32, 32, 16)",0.945
"(4, 32, 32, 32)",0.9375
"(4, 32, 32, 64)",0.935
"(4, 32, 64, 0)",0.9375
"(4, 32, 64, 1)",0.9375
"(4, 32, 64, 2)",0.9375
"(4, 32, 64, 4)",0.9375
"(4, 32, 64, 8)",0.935
"(4, 32, 64, 16)",0.935
"(4, 32, 64, 32)",0.935
"(4, 32, 64, 64)",0.9325
"(4, 64, 0, 0)",0.98
"(4, 64, 0, 1)",0.9675
"(4, 64, 0, 2)",0.9675
"(4, 64, 0, 4)",0.955
"(4, 64, 0, 8)",0.945
"(4, 64, 0, 16)",0.9475
"(4, 64, 0, 32)",0.95
"(4, 64, 0, 64)",0.9375
"(4, 64, 1, 0)",0.9675
"(4, 64, 1, 1)",0.9675
"(4, 64, 1, 2)",0.96
"(4, 64, 1, 4)",0.9475
"(4, 64, 1, 8)",0.945
"(4, 64, 1, 16)",0.95
"(4, 64, 1, 32)",0.9475
"(4, 64, 1, 64)",0.9375
"(4, 64, 2, 0)",0.9675
"(4, 64, 2, 1)",0.96
"(4, 64, 2, 2)",0.955
"(4, 64, 2, 4)",0.945
"(4, 64, 2, 8)",0.9475
"(4, 64, 2, 16)",0.95
"(4, 64, 2, 32)",0.9525
"(4, 64, 2, 64)",0.9375
"(4, 64, 4, 0)",0.955
"(4, 64, 4, 1)",0.9475
"(4, 64, 4, 2)",0.945
"(4, 64, 4, 4)",0.945
"(4, 64, 4, 8)",0.95
"(4, 64, 4, 16)",0.9525
"(4, 64, 4, 32)",0.9525
"(4, 64, 4, 64)",0.9375
"(4, 64, 8, 0)",0.945
"(4, 64, 8, 1)",0.945
"(4, 64, 8, 2)",0.9475
"(4, 64, 8, 4)",0.95
"(4, 64, 8, 8)",0.9475
"(4, 64, 8, 16)",0.95
"(4, 64, 8, 32)",0.95
"(4, 64, 8, 64)",0.935
"(4, 64, 16, 0)",0.9475
"(4, 64, 16, 1)",0.95
"(4, 64, 16, 2)",0.95
"(4, 64, 16, 4)",0.9525
"(4, 64, 16, 8)",0.95
"(4, 64, 16, 16)",0.95
"(4, 64, 16, 32)",0.9475
"(4, 64, 16, 64)",0.935
"(4, 64, 32, 0)",0.95
"(4, 64, 32, 1)",0.9475
"(4, 64, 32, 2)",0.9525
"(4, 64, 32, 4)",0.9525
"(4, 64, 32, 8)",0.95
"(4, 64, 32, 16)",0.9475
"(4, 64, 32, 32)",0.9375
"(4, 64, 32, 64)",0.935
"(4, 64, 64, 0)",0.9375
"(4, 64, 64, 1)",0.9375
"(4, 64, 64, 2)",0.9375
"(4, 64, 64, 4)",0.9375
"(4, 64, 64, 8)",0.935
"(4, 64, 64, 16)",0.935
"(4, 64, 64, 32)",0.935
"(4, 64, 64, 64)",0.935
"(8, 0, 0, 0)",0.82
"(8, 0, 0, 1)",0.8325
"(8, 0, 0, 2)",0.8375
"(8, 0, 0, 4)",0.8325
"(8, 0, 0, 8)",0.845
"(8, 0, 0, 16)",0.84
"(8, 0, 0, 32)",0.835
"(8, 0, 0, 64)",0.83
"(8, 0, 1, 0)",0.8325
"(8, 0, 1, 1)",0.8375
"(8, 0, 1, 2)",0.8325
"(8, 0, 1, 4)",0.8425
"(8, 0, 1, 8)",0.8475
"(8, 0, 1, 16)",0.8375
"(8, 0, 1, 32)",0.8375
"(8, 0, 1, 64)",0.83
"(8, 0, 2, 0)",0.8375
"(8, 0, 2, 1)",0.8325
"(8, 0, 2, 2)",0.8325
"(8, 0, 2, 4)",0.84
"(8, 0, 2, 8)",0.8475
"(8, 0, 2, 16)",0.8375
"(8, 0, 2, 32)",0.8375
"(8, 0, 2, 64)",0.83
"(8, 0, 4, 0)",0.8325
"(8, 0, 4, 1)",0.8425
"(8, 0, 4, 2)",0.84
"(8, 0, 4, 4)",0.845
"(8, 0, 4, 8)",0.84
"(8, 0, 4, 16)",0.8375
"(8, 0, 4, 32)",0.8375
"(8, 0, 4, 64)",0.8275
"(8, 0, 8, 0)",0.845
"(8, 0, 8, 1)",0.8475
"(8, 0, 8, 2)",0.8475
"(8, 0, 8, 4)",0.84
"(8, 0, 8, 8)",0.84
"(8, 0, 8, 16)",0.835
"(8, 0, 8, 32)",0.8375
"(8, 0, 8, 64)",0.8275
"(8, 0, 16, 0)",0.84
"(8, 0, 16, 1)",0.8375
"(8, 0, 16, 2)",0.8375
"(8, 0, 16, 4)",0.8375
"(8, 0, 16, 8)",0.835
"(8, 0, 16, 16)",0.835
"(8, 0, 16, 32)",0.8325
"(8, 0, 16, 64)",0.8275
"(8, 0, 32, 0)",0.835
"(8, 0, 32, 1)",0.8375
"(8, 0, 32, 2)",0.8375
"(8, 0, 32, 4)",0.8375
"(8, 0, 32, 8)",0.8375
"(8, 0, 32, 16)",0.8325
"(8, 0, 32, 32)",0.83
"(8, 0, 32, 64)",0.835
"(8, 0, 64, 0)",0.83
"(8, 0, 64, 1)",0.83
"(8, 0, 64, 2)",0.83
"(8, 0, 64, 4)",0.8275
"(8, 0, 64, 8)",0.8275
"(8, 0, 64, 16)",0.8275
"(8, 0, 64, 32)",0.835
"(8, 0, 64, 64)",0.8375
"(8, 1, 0, 0)",0.985
"(8, 1, 0, 1)",0.9625
"(8, 1, 0, 2)",0.9575
"(8, 1, 0, 4)",0.95
"(8, 1, 0, 8)",0.9425
"(8, 1, 0, 16)",0.9425
"(8, 1, 0, 32)",0.9475
"(8, 1, 0, 64)",0.9475
"(8, 1, 1, 0)",0.9625
"(8, 1, 1, 1)",0.9575
"(8, 1, 1, 2)",0.9525
"(8, 1, 1, 4)",0.95
"(8, 1, 1, 8)",0.9475
"(8, 1, 1, 16)",0.9425
"(8, 1, 1, 32)",0.9475
"(8, 1, 1, 64)",0.9475
"(8, 1, 2, 0)",0.9575
"(8, 1, 2, 1)",0.9525
"(8, 1, 2, 2)",0.95
"(8, 1, 2, 4)",0.9475
"(8, 1, 2, 8)",0.9475
"(8, 1, 2, 16)",0.9425
"(8, 1, 2, 32)",0.9475
"(8, 1, 2, 64)",0.9475
"(8, 1, 4, 0)",0.95
"(8, 1, 4, 1)",0.95
"(8, 1, 4, 2)",0.9475
"(8, 1, 4, 4)",0.9425
"(8, 1, 4, 8)",0.945
"(8, 1, 4, 16)",0.945
"(8, 1, 4, 32)",0.9475
"(8, 1, 4, 64)",0.9475
"(8, 1, 8, 0)",0.9425
"(8, 1, 8, 1)",0.9475
"(8, 1, 8, 2)",0.9475
"(8, 1, 8, 4)",0.945
"(8, 1, 8, 8)",0.9425
"(8, 1, 8, 16)",0.945
"(8, 1, 8, 32)",0.945
"(8, 1, 8, 64)",0.9475
"(8, 1, 16, 0)",0.9425
"(8, 1, 16, 1)",0.9425
"(8, 1, 16, 2)",0.9425
"(8, 1, 16, 4)",0.945
"(8, 1, 16, 8)",0.945
"(8, 1, 16, 16)",0.9475
"(8, 1, 16, 32)",0.945
"(8, 1, 16, 64)",0.9475
"(8, 1, 32, 0)",0.9475
"(8, 1, 32, 1)",0.9475
"(8, 1, 32, 2)",0.9475
"(8, 1, 32, 4)",0.9475
"(8, 1, 32, 8)",0.945
"(8, 1, 32, 16)",0.945
"(8, 1, 32, 32)",0.9475
"(8, 1, 32, 64)",0.9475
"(8, 1, 64, 0)",0.9475
"(8, 1, 64, 1)",0.9475
"(8, 1, 64, 2)",0.9475
"(8, 1, 64, 4)",0.9475
"(8, 1, 64, 8)",0.9475
"(8, 1, 64, 16)",0.9475
"(8, 1, 64, 32)",0.9475
"(8, 1, 64, 64)",0.95
"(8, 2, 0, 0)",0.985
"(8, 2, 0, 1)",0.9725
"(8, 2, 0, 2)",0.965
"(8, 2, 0, 4)",0.955
"(8, 2, 0, 8)",0.945
"(8, 2, 0, 16)",0.945
"(8, 2, 0, 32)",0.94
"(8, 2, 0, 64)",0.9425
"(8, 2, 1, 0)",0.9725
"(8, 2, 1, 1)",0.965
"(8, 2, 1, 2)",0.9575
"(8, 2, 1, 4)",0.9475
"(8, 2, 1, 8)",0.945
"(8, 2, 1, 16)",0.945
"(8, 2, 1, 32)",0.94
"(8, 2, 1, 64)",0.9425
"(8, 2, 2, 0)",0.965
"(8, 2, 2, 1)",0.9575
"(8, 2, 2, 2)",0.955
"(8, 2, 2, 4)",0.9475
"(8, 2, 2, 8)",0.9475
"(8, 2, 2, 16)",0.945
"(8, 2, 2, 32)",0.94
"(8, 2, 2, 64)",0.9425
"(8, 2, 4, 0)",0.955
"(8, 2, 4, 1)",0.9475
"(8, 2, 4, 2)",0.9475
"(8, 2, 4, 4)",0.945
"(8, 2, 4, 8)",0.945
"(8, 2, 4, 16)",0.945
"(8, 2, 4, 32)",0.94
"(8, 2, 4, 64)",0.94
"(8, 2, 8, 0)",0.945
"(8, 2, 8, 1)",0.945
"(8, 2, 8, 2)",0.9475
"(8, 2, 8, 4)",0.945
"(8, 2, 8, 8)",0.945
"(8, 2, 8, 16)",0.94
"(8, 2, 8, 32)",0.94
"(8, 2, 8, 64)",0.94
"(8, 2, 16, 0)",0.945
"(8, 2, 16, 1)",0.945
"(8, 2, 16, 2)",0.945
"(8, 2, 16, 4)",0.945
"(8, 2, 16, 8)",0.94
"(8, 2, 16, 16)",0.94
"(8, 2, 16, 32)",0.945
"(8, 2, 16, 64)",0.94
"(8, 2, 32, 0)",0.94
"(8, 2, 32, 1)",0.94
"(8, 2, 32, 2)",0.94
"(8, 2, 32, 4)",0.94
"(8, 2, 32, 8)",0.94
"(8, 2, 32, 16)",0.945
"(8, 2, 32, 32)",0.9425
"(8, 2, 32, 64)",0.94
"(8, 2, 64, 0)",0.9425
"(8, 2, 64, 1)",0.9425
"(8, 2, 64, 2)",0.9425
"(8, 2, 64, 4)",0.94
"(8, 2, 64, 8)",0.94
"(8, 2, 64, 16)",0.94
"(8, 2, 64, 32)",0.94
"(8, 2, 64, 64)",0.945
"(8, 4, 0, 0)",0.985
"(8, 4, 0, 1)",0.9725
"(8, 4, 0, 2)",0.97
"(8, 4, 0, 4)",0.9575
"(8, 4, 0, 8)",0.945
"(8, 4, 0, 16)",0.9475
"(8, 4, 0, 32)",0.9425
"(8, 4, 0, 64)",0.9425
"(8, 4, 1, 0)",0.9725
"(8, 4, 1, 1)",0.97
"(8, 4, 1, 2)",0.9675
"(8, 4, 1, 4)",0.95
"(8, 4, 1, 8)",0.945
"(8, 4, 1, 16)",0.9475
"(8, 4, 1, 32)",0.9425
"(8, 4, 1, 64)",0.9425
"(8, 4, 2, 0)",0.97
"(8, 4, 2, 1)",0.9675
"(8, 4, 2, 2)",0.9575
"(8, 4, 2, 4)",0.95
"(8, 4, 2, 8)",0.945
"(8, 4, 2, 16)",0.9475
"(8, 4, 2, 32)",0.94
"(8, 4, 2, 64)",0.9425
"(8, 4, 4, 0)",0.9575
"(8, 4, 4, 1)",0.95
"(8, 4, 4, 2)",0.95
"(8, 4, 4, 4)",0.945
"(8, 4, 4, 8)",0.9475
"(8, 4, 4, 16)",0.9475
"(8, 4, 4, 32)",0.9425
"(8, 4, 4, 64)",0.9425
"(8, 4, 8, 0)",0.945
"(8, 4, 8, 1)",0.945
"(8, 4, 8, 2)",0.945
"(8, 4, 8, 4)",0.9475
"(8, 4, 8, 8)",0.9475
"(8, 4, 8, 16)",0.945
"(8, 4, 8, 32)",0.9425
"(8, 4, 8, 64)",0.9425
"(8, 4, 16, 0)",0.9475
"(8, 4, 16, 1)",0.9475
"(8, 4, 16, 2)",0.9475
"(8, 4, 16, 4)",0.9475
"(8, 4, 16, 8)",0.945
"(8, 4, 16, 16)",0.9425
"(8, 4, 16, 32)",0.9425
"(8, 4, 16, 64)",0.94
"(8, 4, 32, 0)",0.9425
"(8, 4, 32, 1)",0.9425
"(8, 4, 32, 2)",0.94
"(8, 4, 32, 4)",0.9425
"(8, 4, 32, 8)",0.9425
"(8, 4, 32, 16)",0.9425
"(8, 4, 32, 32)",0.9425
"(8, 4, 32, 64)",0.94
"(8, 4, 64, 0)",0.9425
"(8, 4, 64, 1)",0.9425
"(8, 4, 64, 2)",0.9425
"(8, 4, 64, 4)",0.9425
"(8, 4, 64, 8)",0.9425
"(8, 4, 64, 16)",0.94
"(8, 4, 64, 32)",0.94
"(8, 4, 64, 64)",0.9425
"(8, 8, 0, 0)",0.985
"(8, 8, 0, 1)",0.97
"(8, 8, 0, 2)",0.9675
"(8, 8, 0, 4)",0.965
"(8, 8, 0, 8)",0.9575
"(8, 8, 0, 16)",0.95
"(8, 8, 0, 32)",0.95
"(8, 8, 0, 64)",0.9475
"(8, 8, 1, 0)",0.97
"(8, 8, 1, 1)",0.9675
"(8, 8, 1, 2)",0.965
"(8, 8, 1, 4)",0.9625
"(8, 8, 1, 8)",0.9525
"(8, 8, 1, 16)",0.95
"(8, 8, 1, 32)",0.95
"(8, 8, 1, 64)",0.95
"(8, 8, 2, 0)",0.9675
"(8, 8, 2, 1)",0.965
"(8, 8, 2, 2)",0.965
"(8, 8, 2, 4)",0.96
"(8, 8, 2, 8)",0.9525
"(8, 8, 2, 16)",0.95
"(8, 8, 2, 32)",0.95
"(8, 8, 2, 64)",0.95
"(8, 8, 4, 0)",0.965
"(8, 8, 4, 1)",0.9625
"(8, 8, 4, 2)",0.96
"(8, 8, 4, 4)",0.9575
"(8, 8, 4, 8)",0.945
"(8, 8, 4, 16)",0.95
"(8, 8, 4, 32)",0.95
"(8, 8, 4, 64)",0.95
"(8, 8, 8, 0)",0.9575
"(8, 8, 8, 1)",0.9525
"(8, 8, 8, 2)",0.9525
"(8, 8, 8, 4)",0.945
"(8, 8, 8, 8)",0.95
"(8, 8, 8, 16)",0.95
"(8, 8, 8, 32)",0.95
"(8, 8, 8, 64)",0.95
"(8, 8, 16, 0)",0.95
"(8, 8, 16, 1)",0.95
"(8, 8, 16, 2)",0.95
"(8, 8, 16, 4)",0.95
"(8, 8, 16, 8)",0.95
"(8, 8, 16, 16)",0.95
"(8, 8, 16, 32)",0.9475
"(8, 8, 16, 64)",0.95
"(8, 8, 32, 0)",0.95
"(8, 8, 32, 1)",0.95
"(8, 8, 32, 2)",0.95
"(8, 8, 32, 4)",0.95
"(8, 8, 32, 8)",0.95
"(8, 8, 32, 16)",0.9475
"(8, 8, 32, 32)",0.9475
"(8, 8, 32, 64)",0.95
"(8, 8, 64, 0)",0.9475
"(8, 8, 64, 1)",0.95
"(8, 8, 64, 2)",0.95
"(8, 8, 64, 4)",0.95
"(8, 8, 64, 8)",0.95
"(8, 8, 64, 16)",0.95
"(8, 8, 64, 32)",0.95
"(8, 8, 64, 64)",0.9525
"(8, 16, 0, 0)",0.9875
"(8, 16, 0, 1)",0.9725
"(8, 16, 0, 2)",0.97
"(8, 16, 0, 4)",0.97
"(8, 16, 0, 8)",0.9625
"(8, 16, 0, 16)",0.9575
"(8, 16, 0, 32)",0.95
"(8, 16, 0, 64)",0.95
"(8, 16, 1, 0)",0.9725
"(8, 16, 1, 1)",0.97
"(8, 16, 1, 2)",0.97
"(8, 16, 1, 4)",0.9675
"(8, 16, 1, 8)",0.9625
"(8, 16, 1, 16)",0.9575
"(8, 16, 1, 32)",0.95
"(8, 16, 1, 64)",0.9475
"(8, 16, 2, 0)",0.97
"(8, 16, 2, 1)",0.97
"(8, 16, 2, 2)",0.97
"(8, 16, 2, 4)",0.9625
"(8, 16, 2, 8)",0.96
"(8, 16, 2, 16)",0.955
"(8, 16, 2, 32)",0.95
"(8, 16, 2, 64)",0.9475
"(8, 16, 4, 0)",0.97
"(8, 16, 4, 1)",0.9675
"(8, 16, 4, 2)",0.9625
"(8, 16, 4, 4)",0.9625
"(8, 16, 4, 8)",0.9575
"(8, 16, 4, 16)",0.955
"(8, 16, 4, 32)",0.95
"(8, 16, 4, 64)",0.95
"(8, 16, 8, 0)",0.9625
"(8, 16, 8, 1)",0.9625
"(8, 16, 8, 2)",0.96
"(8, 16, 8, 4)",0.9575
"(8, 16, 8, 8)",0.9575
"(8, 16, 8, 16)",0.9525
"(8, 16, 8, 32)",0.95
"(8, 16, 8, 64)",0.9475
"(8, 16, 16, 0)",0.9575
"(8, 16, 16, 1)",0.9575
"(8, 16, 16, 2)",0.955
"(8, 16, 16, 4)",0.955
"(8, 16, 16, 8)",0.9525
"(8, 16, 16, 16)",0.95
"(8, 16, 16, 32)",0.95
"(8, 16, 16, 64)",0.9475
"(8, 16, 32, 0)",0.95
"(8, 16, 32, 1)",0.95
"(8, 16, 32, 2)",0.95
"(8, 16, 32, 4)",0.95
"(8, 16, 32, 8)",0.95
"(8, 16, 32, 16)",0.95
"(8, 16, 32, 32)",0.95
"(8, 16, 32, 64)",0.945
"(8, 16, 64, 0)",0.95
"(8, 16, 64, 1)",0.9475
"(8, 16, 64, 2)",0.9475
"(8, 16, 64, 4)",0.95
"(8, 16, 64, 8)",0.9475
"(8, 16, 64, 16)",0.9475
"(8, 16, 64, 32)",0.945
"(8, 16, 64, 64)",0.9425
"(8, 32, 0, 0)",0.9875
"(8, 32, 0, 1)",0.975
"(8, 32, 0, 2)",0.97
"(8, 32, 0, 4)",0.9675
"(8, 32, 0, 8)",0.9575
"(8, 32, 0, 16)",0.9525
"(8, 32, 0, 32)",0.9525
"(8, 32, 0, 64)",0.94
"(8, 32, 1, 0)",0.975
"(8, 32, 1, 1)",0.97
"(8, 32, 1, 2)",0.97
"(8, 32, 1, 4)",0.9575
"(8, 32, 1, 8)",0.9575
"(8, 32, 1, 16)",0.9525
"(8, 32, 1, 32)",0.9525
"(8, 32, 1, 64)",0.94
"(8, 32, 2, 0)",0.97
"(8, 32, 2, 1)",0.97
"(8, 32, 2, 2)",0.9675
"(8, 32, 2, 4)",0.9575
"(8, 32, 2, 8)",0.9575
"(8, 32, 2, 16)",0.9525
"(8, 32, 2, 32)",0.9525
"(8, 32, 2, 64)",0.94
"(8, 32, 4, 0)",0.9675
"(8, 32, 4, 1)",0.9575
"(8, 32, 4, 2)",0.9575
"(8, 32, 4, 4)",0.9575
"(8, 32, 4, 8)",0.9525
"(8, 32, 4, 16)",0.9525
"(8, 32, 4, 32)",0.9525
"(8, 32, 4, 64)",0.94
"(8, 32, 8, 0)",0.9575
"(8, 32, 8, 1)",0.9575
"(8, 32, 8, 2)",0.9575
"(8, 32, 8, 4)",0.9525
"(8, 32, 8, 8)",0.9525
"(8, 32, 8, 16)",0.9525
"(8, 32, 8, 32)",0.9525
"(8, 32, 8, 64)",0.9375
"(8, 32, 16, 0)",0.9525
"(8, 32, 16, 1)",0.9525
"(8, 32, 16, 2)",0.9525
"(8, 32, 16, 4)",0.9525
"(8, 32, 16, 8)",0.9525
"(8, 32, 16, 16)",0.9525
"(8, 32, 16, 32)",0.945
"(8, 32, 16, 64)",0.9375
"(8, 32, 32, 0)",0.9525
"(8, 32, 32, 1)",0.9525
"(8, 32, 32, 2)",0.9525
"(8, 32, 32, 4)",0.9525
"(8, 32, 32, 8)",0.9525
"(8, 32, 32, 16)",0.945
"(8, 32, 32, 32)",0.94
"(8, 32, 32, 64)",0.9425
"(8, 32, 64, 0)",0.94
"(8, 32, 64, 1)",0.94
"(8, 32, 64, 2)",0.94
"(8, 32, 64, 4)",0.94
"(8, 32, 64, 8)",0.9375
"(8, 32, 64, 16)",0.9375
"(8, 32, 64, 32)",0.9425
"(8, 32, 64, 64)",0.9375
"(8, 64, 0, 0)",0.9825
"(8, 64, 0, 1)",0.98
"(8, 64, 0, 2)",0.9725
"(8, 64, 0, 4)",0.965
"(8, 64, 0, 8)",0.9575
"(8, 64, 0, 16)",0.9475
"(8, 64, 0, 32)",0.9525
"(8, 64, 0, 64)",0.9475
"(8, 64, 1, 0)",0.98
"(8, 64, 1, 1)",0.9725
"(8, 64, 1, 2)",0.9675
"(8, 64, 1, 4)",0.965
"(8, 64, 1, 8)",0.9575
"(8, 64, 1, 16)",0.9475
"(8, 64, 1, 32)",0.9525
"(8, 64, 1, 64)",0.9475
"(8, 64, 2, 0)",0.9725
"(8, 64, 2, 1)",0.9675
"(8, 64, 2, 2)",0.965
"(8, 64, 2, 4)",0.9625
"(8, 64, 2, 8)",0.9575
"(8, 64, 2, 16)",0.9475
"(8, 64, 2, 32)",0.9525
"(8, 64, 2, 64)",0.9475
"(8, 64, 4, 0)",0.965
"(8, 64, 4, 1)",0.965
"(8, 64, 4, 2)",0.9625
"(8, 64, 4, 4)",0.9575
"(8, 64, 4, 8)",0.95
"(8, 64, 4, 16)",0.95
"(8, 64, 4, 32)",0.9525
"(8, 64, 4, 64)",0.95
"(8, 64, 8, 0)",0.9575
"(8, 64, 8, 1)",0.9575
"(8, 64, 8, 2)",0.9575
"(8, 64, 8, 4)",0.95
"(8, 64, 8, 8)",0.9475
"(8, 64, 8, 16)",0.9525
"(8, 64, 8, 32)",0.955
"(8, 64, 8, 64)",0.9475
"(8, 64, 16, 0)",0.9475
"(8, 64, 16, 1)",0.9475
"(8, 64, 16, 2)",0.9475
"(8, 64, 16, 4)",0.95
"(8, 64, 16, 8)",0.9525
"(8, 64, 16, 16)",0.9525
"(8, 64, 16, 32)",0.9525
"(8, 64, 16, 64)",0.9475
"(8, 64, 32, 0)",0.9525
"(8, 64, 32, 1)",0.9525
"(8, 64, 32, 2)",0.9525
"(8, 64, 32, 4)",0.9525
"(8, 64, 32, 8)",0.955
"(8, 64, 32, 16)",0.9525
"(8, 64, 32, 32)",0.9475
"(8, 64, 32, 64)",0.945
"(8, 64, 64, 0)",0.9475
"(8, 64, 64, 1)",0.9475
"(8, 64, 64, 2)",0.9475
"(8, 64, 64, 4)",0.95
"(8, 64, 64, 8)",0.9475
"(8, 64, 64, 16)",0.9475
"(8, 64, 64, 32)",0.945
"(8, 64, 64, 64)",0.9375
"(16, 0, 0, 0)",0.82
"(16, 0, 0, 1)",0.8175
"(16, 0, 0, 2)",0.8325
"(16, 0, 0, 4)",0.8375
"(16, 0, 0, 8)",0.8325
"(16, 0, 0, 16)",0.845
"(16, 0, 0, 32)",0.84
"(16, 0, 0, 64)",0.835
"(16, 0, 1, 0)",0.8175
"(16, 0, 1, 1)",0.8325
"(16, 0, 1, 2)",0.835
"(16, 0, 1, 4)",0.835
"(16, 0, 1, 8)",0.835
"(16, 0, 1, 16)",0.8425
"(16, 0, 1, 32)",0.8375
"(16, 0, 1, 64)",0.8375
"(16, 0, 2, 0)",0.8325
"(16, 0, 2, 1)",0.835
"(16, 0, 2, 2)",0.8375
"(16, 0, 2, 4)",0.8325
"(16, 0, 2, 8)",0.8425
"(16, 0, 2, 16)",0.8475
"(16, 0, 2, 32)",0.8375
"(16, 0, 2, 64)",0.8375
"(16, 0, 4, 0)",0.8375
"(16, 0, 4, 1)",0.835
"(16, 0, 4, 2)",0.8325
"(16, 0, 4, 4)",0.8325
"(16, 0, 4, 8)",0.84
"(16, 0, 4, 16)",0.8475
"(16, 0, 4, 32)",0.8375
"(16, 0, 4, 64)",0.8375
"(16, 0, 8, 0)",0.8325
"(16, 0, 8, 1)",0.835
"(16, 0, 8, 2)",0.8425
"(16, 0, 8, 4)",0.84
"(16, 0, 8, 8)",0.845
"(16, 0, 8, 16)",0.84
"(16, 0, 8, 32)",0.8375
"(16, 0, 8, 64)",0.8375
"(16, 0, 16, 0)",0.845
"(16, 0, 16, 1)",0.8425
"(16, 0, 16, 2)",0.8475
"(16, 0, 16, 4)",0.8475
"(16, 0, 16, 8)",0.84
"(16, 0, 16, 16)",0.84
"(16, 0, 16, 32)",0.835
"(16, 0, 16, 64)",0.8375
"(16, 0, 32, 0)",0.84
"(16, 0, 32, 1)",0.8375
"(16, 0, 32, 2)",0.8375
"(16, 0, 32, 4)",0.8375
"(16, 0, 32, 8)",0.8375
"(16, 0, 32, 16)",0.835
"(16, 0, 32, 32)",0.835
"(16, 0, 32, 64)",0.8325
"(16, 0, 64, 0)",0.835
"(16, 0, 64, 1)",0.8375
"(16, 0, 64, 2)",0.8375
"(16, 0, 64, 4)",0.8375
"(16, 0, 64, 8)",0.8375
"(16, 0, 64, 16)",0.8375
"(16, 0, 64, 32)",0.8325
"(16, 0, 64, 64)",0.83
"(16, 1, 0, 0)",0.98
"(16, 1, 0, 1)",0.965
"(16, 1, 0, 2)",0.96
"(16, 1, 0, 4)",0.9575
"(16, 1, 0, 8)",0.955
"(16, 1, 0, 16)",0.95
"(16, 1, 0, 32)",0.945
"(16, 1, 0, 64)",0.945
"(16, 1, 1, 0)",0.965
"(16, 1, 1, 1)",0.96
"(16, 1, 1, 2)",0.96
"(16, 1, 1, 4)",0.955
"(16, 1, 1, 8)",0.9525
"(16, 1, 1, 16)",0.95
"(16, 1, 1, 32)",0.9475
"(16, 1, 1, 64)",0.945
"(16, 1, 2, 0)",0.96
"(16, 1, 2, 1)",0.96
"(16, 1, 2, 2)",0.9575
"(16, 1, 2, 4)",0.955
"(16, 1, 2, 8)",0.9525
"(16, 1, 2, 16)",0.95
"(16, 1, 2, 32)",0.9475
"(16, 1, 2, 64)",0.945
"(16, 1, 4, 0)",0.9575
"(16, 1, 4, 1)",0.955
"(16, 1, 4, 2)",0.955
"(16, 1, 4, 4)",0.955
"(16, 1, 4, 8)",0.9525
"(16, 1, 4, 16)",0.95
"(16, 1, 4, 32)",0.95
"(16, 1, 4, 64)",0.945
"(16, 1, 8, 0)",0.955
"(16, 1, 8, 1)",0.9525
"(16, 1, 8, 2)",0.9525
"(16, 1, 8, 4)",0.9525
"(16, 1, 8, 8)",0.95
"(16, 1, 8, 16)",0.945
"(16, 1, 8, 32)",0.95
"(16, 1, 8, 64)",0.9475
"(16, 1, 16, 0)",0.95
"(16, 1, 16, 1)",0.95
"(16, 1, 16, 2)",0.95
"(16, 1, 16, 4)",0.95
"(16, 1, 16, 8)",0.945
"(16, 1, 16, 16)",0.945
"(16, 1, 16, 32)",0.9475
"(16, 1, 16, 64)",0.9475
"(16, 1, 32, 0)",0.945
"(16, 1, 32, 1)",0.9475
"(16, 1, 32, 2)",0.9475
"(16, 1, 32, 4)",0.95
"(16, 1, 32, 8)",0.95
"(16, 1, 32, 16)",0.9475
"(16, 1, 32, 32)",0.945
"(16, 1, 32, 64)",0.94
"(16, 1, 64, 0)",0.945
"(16, 1, 64, 1)",0.945
"(16, 1, 64, 2)",0.945
"(16, 1, 64, 4)",0.945
"(16, 1, 64, 8)",0.9475
"(16, 1, 64, 16)",0.9475
"(16, 1, 64, 32)",0.94
"(16, 1, 64, 64)",0.9375
"(16, 2, 0, 0)",0.985
"(16, 2, 0, 1)",0.97
"(16, 2, 0, 2)",0.9625
"(16, 2, 0, 4)",0.9575
"(16, 2, 0, 8)",0.95
"(16, 2, 0, 16)",0.9425
"(16, 2, 0, 32)",0.9425
"(16, 2, 0, 64)",0.9475
"(16, 2, 1, 0)",0.97
"(16, 2, 1, 1)",0.9625
"(16, 2, 1, 2)",0.965
"(16, 2, 1, 4)",0.9575
"(16, 2, 1, 8)",0.9475
"(16, 2, 1, 16)",0.945
"(16, 2, 1, 32)",0.9425
"(16, 2, 1, 64)",0.9475
"(16, 2, 2, 0)",0.9625
"(16, 2, 2, 1)",0.965
"(16, 2, 2, 2)",0.9575
"(16, 2, 2, 4)",0.9525
"(16, 2, 2, 8)",0.95
"(16, 2, 2, 16)",0.9475
"(16, 2, 2, 32)",0.9425
"(16, 2, 2, 64)",0.9475
"(16, 2, 4, 0)",0.9575
"(16, 2, 4, 1)",0.9575
"(16, 2, 4, 2)",0.9525
"(16, 2, 4, 4)",0.95
"(16, 2, 4, 8)",0.9475
"(16, 2, 4, 16)",0.9475
"(16, 2, 4, 32)",0.9425
"(16, 2, 4, 64)",0.9475
"(16, 2, 8, 0)",0.95
"(16, 2, 8, 1)",0.9475
"(16, 2, 8, 2)",0.95
"(16, 2, 8, 4)",0.9475
"(16, 2, 8, 8)",0.9425
"(16, 2, 8, 16)",0.945
"(16, 2, 8, 32)",0.945
"(16, 2, 8, 64)",0.9475
"(16, 2, 16, 0)",0.9425
"(16, 2, 16, 1)",0.945
"(16, 2, 16, 2)",0.9475
"(16, 2, 16, 4)",0.9475
"(16, 2, 16, 8)",0.945
"(16, 2, 16, 16)",0.9425
"(16, 2, 16, 32)",0.945
"(16, 2, 16, 64)",0.945
"(16, 2, 32, 0)",0.9425
"(16, 2, 32, 1)",0.9425
"(16, 2, 32, 2)",0.9425
"(16, 2, 32, 4)",0.9425
"(16, 2, 32, 8)",0.945
"(16, 2, 32, 16)",0.945
"(16, 2, 32, 32)",0.9475
"(16, 2, 32, 64)",0.945
"(16, 2, 64, 0)",0.9475
"(16, 2, 64, 1)",0.9475
"(16, 2, 64, 2)",0.9475
"(16, 2, 64, 4)",0.9475
"(16, 2, 64, 8)",0.9475
"(16, 2, 64, 16)",0.945
"(16, 2, 64, 32)",0.945
"(16, 2, 64, 64)",0.9475
"(16, 4, 0, 0)",0.985
"(16, 4, 0, 1)",0.9725
"(16, 4, 0, 2)",0.9725
"(16, 4, 0, 4)",0.965
"(16, 4, 0, 8)",0.955
"(16, 4, 0, 16)",0.945
"(16, 4, 0, 32)",0.945
"(16, 4, 0, 64)",0.94
"(16, 4, 1, 0)",0.9725
"(16, 4, 1, 1)",0.9725
"(16, 4, 1, 2)",0.9675
"(16, 4, 1, 4)",0.9625
"(16, 4, 1, 8)",0.9475
"(16, 4, 1, 16)",0.945
"(16, 4, 1, 32)",0.945
"(16, 4, 1, 64)",0.94
"(16, 4, 2, 0)",0.9725
"(16, 4, 2, 1)",0.9675
"(16, 4, 2, 2)",0.965
"(16, 4, 2, 4)",0.9575
"(16, 4, 2, 8)",0.9475
"(16, 4, 2, 16)",0.945
"(16, 4, 2, 32)",0.945
"(16, 4, 2, 64)",0.94
"(16, 4, 4, 0)",0.965
"(16, 4, 4, 1)",0.9625
"(16, 4, 4, 2)",0.9575
"(16, 4, 4, 4)",0.955
"(16, 4, 4, 8)",0.9475
"(16, 4, 4, 16)",0.9475
"(16, 4, 4, 32)",0.945
"(16, 4, 4, 64)",0.94
"(16, 4, 8, 0)",0.955
"(16, 4, 8, 1)",0.9475
"(16, 4, 8, 2)",0.9475
"(16, 4, 8, 4)",0.9475
"(16, 4, 8, 8)",0.945
"(16, 4, 8, 16)",0.945
"(16, 4, 8, 32)",0.945
"(16, 4, 8, 64)",0.94
"(16, 4, 16, 0)",0.945
"(16, 4, 16, 1)",0.945
"(16, 4, 16, 2)",0.945
"(16, 4, 16, 4)",0.9475
"(16, 4, 16, 8)",0.945
"(16, 4, 16, 16)",0.945
"(16, 4, 16, 32)",0.94
"(16, 4, 16, 64)",0.94
"(16, 4, 32, 0)",0.945
"(16, 4, 32, 1)",0.945
"(16, 4, 32, 2)",0.945
"(16, 4, 32, 4)",0.945
"(16, 4, 32, 8)",0.945
"(16, 4, 32, 16)",0.94
"(16, 4, 32, 32)",0.94
"(16, 4, 32, 64)",0.945
"(16, 4, 64, 0)",0.94
"(16, 4, 64, 1)",0.94
"(16, 4, 64, 2)",0.94
"(16, 4, 64, 4)",0.94
"(16, 4, 64, 8)",0.94
"(16, 4, 64, 16)",0.94
"(16, 4, 64, 32)",0.945
"(16, 4, 64, 64)",0.9425
"(16, 8, 0, 0)",0.985
"(16, 8, 0, 1)",0.975
"(16, 8, 0, 2)",0.9725
"(16, 8, 0, 4)",0.97
"(16, 8, 0, 8)",0.9575
"(16, 8, 0, 16)",0.945
"(16, 8, 0, 32)",0.9475
"(16, 8, 0, 64)",0.9425
"(16, 8, 1, 0)",0.975
"(16, 8, 1, 1)",0.9725
"(16, 8, 1, 2)",0.975
"(16, 8, 1, 4)",0.9675
"(16, 8, 1, 8)",0.95
"(16, 8, 1, 16)",0.945
"(16, 8, 1, 32)",0.9475
"(16, 8, 1, 64)",0.9425
"(16, 8, 2, 0)",0.9725
"(16, 8, 2, 1)",0.975
"(16, 8, 2, 2)",0.97
"(16, 8, 2, 4)",0.9675
"(16, 8, 2, 8)",0.95
"(16, 8, 2, 16)",0.945
"(16, 8, 2, 32)",0.9475
"(16, 8, 2, 64)",0.9425
"(16, 8, 4, 0)",0.97
"(16, 8, 4, 1)",0.9675
"(16, 8, 4, 2)",0.9675
"(16, 8, 4, 4)",0.9575
"(16, 8, 4, 8)",0.95
"(16, 8, 4, 16)",0.945
"(16, 8, 4, 32)",0.9475
"(16, 8, 4, 64)",0.94
"(16, 8, 8, 0)",0.9575
"(16, 8, 8, 1)",0.95
"(16, 8, 8, 2)",0.95
"(16, 8, 8, 4)",0.95
"(16, 8, 8, 8)",0.945
"(16, 8, 8, 16)",0.9475
"(16, 8, 8, 32)",0.9475
"(16, 8, 8, 64)",0.9425
"(16, 8, 16, 0)",0.945
"(16, 8, 16, 1)",0.945
"(16, 8, 16, 2)",0.945
"(16, 8, 16, 4)",0.945
"(16, 8, 16, 8)",0.9475
"(16, 8, 16, 16)",0.9475
"(16, 8, 16, 32)",0.945
"(16, 8, 16, 64)",0.9425
"(16, 8, 32, 0)",0.9475
"(16, 8, 32, 1)",0.9475
"(16, 8, 32, 2)",0.9475
"(16, 8, 32, 4)",0.9475
"(16, 8, 32, 8)",0.9475
"(16, 8, 32, 16)",0.945
"(16, 8, 32, 32)",0.9425
"(16, 8, 32, 64)",0.9425
"(16, 8, 64, 0)",0.9425
"(16, 8, 64, 1)",0.9425
"(16, 8, 64, 2)",0.9425
"(16, 8, 64, 4)",0.94
"(16, 8, 64, 8)",0.9425
"(16, 8, 64, 16)",0.9425
"(16, 8, 64, 32)",0.9425
"(16, 8, 64, 64)",0.9425
"(16, 16, 0, 0)",0.985
"(16, 16, 0, 1)",0.97
"(16, 16, 0, 2)",0.97
"(16, 16, 0, 4)",0.9675
"(16, 16, 0, 8)",0.965
"(16, 16, 0, 16)",0.9575
"(16, 16, 0, 32)",0.95
"(16, 16, 0, 64)",0.95
"(16, 16, 1, 0)",0.97
"(16, 16, 1, 1)",0.97
"(16, 16, 1, 2)",0.9675
"(16, 16, 1, 4)",0.9675
"(16, 16, 1, 8)",0.96
"(16, 16, 1, 16)",0.9525
"(16, 16, 1, 32)",0.95
"(16, 16, 1, 64)",0.95
"(16, 16, 2, 0)",0.97
"(16, 16, 2, 1)",0.9675
"(16, 16, 2, 2)",0.9675
"(16, 16, 2, 4)",0.965
"(16, 16, 2, 8)",0.9625
"(16, 16, 2, 16)",0.9525
"(16, 16, 2, 32)",0.95
"(16, 16, 2, 64)",0.95
"(16, 16, 4, 0)",0.9675
"(16, 16, 4, 1)",0.9675
"(16, 16, 4, 2)",0.965
"(16, 16, 4, 4)",0.965
"(16, 16, 4, 8)",0.96
"(16, 16, 4, 16)",0.9525
"(16, 16, 4, 32)",0.95
"(16, 16, 4, 64)",0.95
"(16, 16, 8, 0)",0.965
"(16, 16, 8, 1)",0.96
"(16, 16, 8, 2)",0.9625
"(16, 16, 8, 4)",0.96
"(16, 16, 8, 8)",0.9575
"(16, 16, 8, 16)",0.945
"(16, 16, 8, 32)",0.95
"(16, 16, 8, 64)",0.95
"(16, 16, 16, 0)",0.9575
"(16, 16, 16, 1)",0.9525
"(16, 16, 16, 2)",0.9525
"(16, 16, 16, 4)",0.9525
"(16, 16, 16, 8)",0.945
"(16, 16, 16, 16)",0.95
"(16, 16, 16, 32)",0.95
"(16, 16, 16, 64)",0.95
"(16, 16, 32, 0)",0.95
"(16, 16, 32, 1)",0.95
"(16, 16, 32, 2)",0.95
"(16, 16, 32, 4)",0.95
"(16, 16, 32, 8)",0.95
"(16, 16, 32, 16)",0.95
"(16, 16, 32, 32)",0.95
"(16, 16, 32, 64)",0.9475
"(16, 16, 64, 0)",0.95
"(16, 16, 64, 1)",0.95
"(16, 16, 64, 2)",0.95
"(16, 16, 64, 4)",0.95
"(16, 16, 64, 8)",0.95
"(16, 16, 64, 16)",0.95
"(16, 16, 64, 32)",0.9475
"(16, 16, 64, 64)",0.9475
"(16, 32, 0, 0)",0.9875
"(16, 32, 0, 1)",0.9775
"(16, 32, 0, 2)",0.9725
"(16, 32, 0, 4)",0.97
"(16, 32, 0, 8)",0.97
"(16, 32, 0, 16)",0.9625
"(16, 32, 0, 32)",0.9575
"(16, 32, 0, 64)",0.95
"(16, 32, 1, 0)",0.9775
"(16, 32, 1, 1)",0.9725
"(16, 32, 1, 2)",0.9725
"(16, 32, 1, 4)",0.9675
"(16, 32, 1, 8)",0.9675
"(16, 32, 1, 16)",0.9625
"(16, 32, 1, 32)",0.9575
"(16, 32, 1, 64)",0.95
"(16, 32, 2, 0)",0.9725
"(16, 32, 2, 1)",0.9725
"(16, 32, 2, 2)",0.97
"(16, 32, 2, 4)",0.97
"(16, 32, 2, 8)",0.9675
"(16, 32, 2, 16)",0.9625
"(16, 32, 2, 32)",0.9575
"(16, 32, 2, 64)",0.95
"(16, 32, 4, 0)",0.97
"(16, 32, 4, 1)",0.9675
"(16, 32, 4, 2)",0.97
"(16, 32, 4, 4)",0.97
"(16, 32, 4, 8)",0.9625
"(16, 32, 4, 16)",0.96
"(16, 32, 4, 32)",0.955
"(16, 32, 4, 64)",0.95
"(16, 32, 8, 0)",0.97
"(16, 32, 8, 1)",0.9675
"(16, 32, 8, 2)",0.9675
"(16, 32, 8, 4)",0.9625
"(16, 32, 8, 8)",0.9625
"(16, 32, 8, 16)",0.9575
"(16, 32, 8, 32)",0.955
"(16, 32, 8, 64)",0.95
"(16, 32, 16, 0)",0.9625
"(16, 32, 16, 1)",0.9625
"(16, 32, 16, 2)",0.9625
"(16, 32, 16, 4)",0.96
"(16, 32, 16, 8)",0.9575
"(16, 32, 16, 16)",0.9575
"(16, 32, 16, 32)",0.9525
"(16, 32, 16, 64)",0.95
"(16, 32, 32, 0)",0.9575
"(16, 32, 32, 1)",0.9575
"(16, 32, 32, 2)",0.9575
"(16, 32, 32, 4)",0.955
"(16, 32, 32, 8)",0.955
"(16, 32, 32, 16)",0.9525
"(16, 32, 32, 32)",0.95
"(16, 32, 32, 64)",0.95
"(16, 32, 64, 0)",0.95
"(16, 32, 64, 1)",0.95
"(16, 32, 64, 2)",0.95
"(16, 32, 64, 4)",0.95
"(16, 32, 64, 8)",0.95
"(16, 32, 64, 16)",0.95
"(16, 32, 64, 32)",0.95
"(16, 32, 64, 64)",0.95
"(16, 64, 0, 0)",0.9875
"(16, 64, 0, 1)",0.98
"(16, 64, 0, 2)",0.975
"(16, 64, 0, 4)",0.97
"(16, 64, 0, 8)",0.9675
"(16, 64, 0, 16)",0.9575
"(16, 64, 0, 32)",0.9525
"(16, 64, 0, 64)",0.9525
"(16, 64, 1, 0)",0.98
"(16, 64, 1, 1)",0.975
"(16, 64, 1, 2)",0.97
"(16, 64, 1, 4)",0.9725
"(16, 64, 1, 8)",0.9625
"(16, 64, 1, 16)",0.9575
"(16, 64, 1, 32)",0.9525
"(16, 64, 1, 64)",0.9525
"(16, 64, 2, 0)",0.975
"(16, 64, 2, 1)",0.97
"(16, 64, 2, 2)",0.97
"(16, 64, 2, 4)",0.97
"(16, 64, 2, 8)",0.9575
"(16, 64, 2, 16)",0.9575
"(16, 64, 2, 32)",0.9525
"(16, 64, 2, 64)",0.9525
"(16, 64, 4, 0)",0.97
"(16, 64, 4, 1)",0.9725
"(16, 64, 4, 2)",0.97
"(16, 64, 4, 4)",0.9675
"(16, 64, 4, 8)",0.9575
"(16, 64, 4, 16)",0.9575
"(16, 64, 4, 32)",0.9525
"(16, 64, 4, 64)",0.9525
"(16, 64, 8, 0)",0.9675
"(16, 64, 8, 1)",0.9625
"(16, 64, 8, 2)",0.9575
"(16, 64, 8, 4)",0.9575
"(16, 64, 8, 8)",0.9575
"(16, 64, 8, 16)",0.9525
"(16, 64, 8, 32)",0.9525
"(16, 64, 8, 64)",0.9525
"(16, 64, 16, 0)",0.9575
"(16, 64, 16, 1)",0.9575
"(16, 64, 16, 2)",0.9575
"(16, 64, 16, 4)",0.9575
"(16, 64, 16, 8)",0.9525
"(16, 64, 16, 16)",0.9525
"(16, 64, 16, 32)",0.9525
"(16, 64, 16, 64)",0.9525
"(16, 64, 32, 0)",0.9525
"(16, 64, 32, 1)",0.9525
"(16, 64, 32, 2)",0.9525
"(16, 64, 32, 4)",0.9525
"(16, 64, 32, 8)",0.9525
"(16, 64, 32, 16)",0.9525
"(16, 64, 32, 32)",0.9525
"(16, 64, 32, 64)",0.945
"(16, 64, 64, 0)",0.9525
"(16, 64, 64, 1)",0.9525
"(16, 64, 64, 2)",0.9525
"(16, 64, 64, 4)",0.9525
"(16, 64, 64, 8)",0.9525
"(16, 64, 64, 16)",0.9525
"(16, 64, 64, 32)",0.945
"(16, 64, 64, 64)",0.94
"(32, 0, 0, 0)",0.82
"(32, 0, 0, 1)",0.825
"(32, 0, 0, 2)",0.8175
"(32, 0, 0, 4)",0.8325
"(32, 0, 0, 8)",0.8375
"(32, 0, 0, 16)",0.8325
"(32, 0, 0, 32)",0.845
"(32, 0, 0, 64)",0.84
"(32, 0, 1, 0)",0.825
"(32, 0, 1, 1)",0.8175
"(32, 0, 1, 2)",0.82
"(32, 0, 1, 4)",0.8325
"(32, 0, 1, 8)",0.835
"(32, 0, 1, 16)",0.835
"(32, 0, 1, 32)",0.845
"(32, 0, 1, 64)",0.84
"(32, 0, 2, 0)",0.8175
"(32, 0, 2, 1)",0.82
"(32, 0, 2, 2)",0.8325
"(32, 0, 2, 4)",0.835
"(32, 0, 2, 8)",0.835
"(32, 0, 2, 16)",0.835
"(32, 0, 2, 32)",0.8425
"(32, 0, 2, 64)",0.8375
"(32, 0, 4, 0)",0.8325
"(32, 0, 4, 1)",0.8325
"(32, 0, 4, 2)",0.835
"(32, 0, 4, 4)",0.8375
"(32, 0, 4, 8)",0.8325
"(32, 0, 4, 16)",0.8425
"(32, 0, 4, 32)",0.8475
"(32, 0, 4, 64)",0.8375
"(32, 0, 8, 0)",0.8375
"(32, 0, 8, 1)",0.835
"(32, 0, 8, 2)",0.835
"(32, 0, 8, 4)",0.8325
"(32, 0, 8, 8)",0.8325
"(32, 0, 8, 16)",0.84
"(32, 0, 8, 32)",0.8475
"(32, 0, 8, 64)",0.8375
"(32, 0, 16, 0)",0.8325
"(32, 0, 16, 1)",0.835
"(32, 0, 16, 2)",0.835
"(32, 0, 16, 4)",0.8425
"(32, 0, 16, 8)",0.84
"(32, 0, 16, 16)",0.845
"(32, 0, 16, 32)",0.84
"(32, 0, 16, 64)",0.8375
"(32, 0, 32, 0)",0.845
"(32, 0, 32, 1)",0.845
"(32, 0, 32, 2)",0.8425
"(32, 0, 32, 4)",0.8475
"(32, 0, 32, 8)",0.8475
"(32, 0, 32, 16)",0.84
"(32, 0, 32, 32)",0.84
"(32, 0, 32, 64)",0.835
"(32, 0, 64, 0)",0.84
"(32, 0, 64, 1)",0.84
"(32, 0, 64, 2)",0.8375
"(32, 0, 64, 4)",0.8375
"(32, 0, 64, 8)",0.8375
"(32, 0, 64, 16)",0.8375
"(32, 0, 64, 32)",0.835
"(32, 0, 64, 64)",0.835
"(32, 1, 0, 0)",0.9775
"(32, 1, 0, 1)",0.9675
"(32, 1, 0, 2)",0.9625
"(32, 1, 0, 4)",0.955
"(32, 1, 0, 8)",0.9525
"(32, 1, 0, 16)",0.9525
"(32, 1, 0, 32)",0.9475
"(32, 1, 0, 64)",0.9475
"(32, 1, 1, 0)",0.9675
"(32, 1, 1, 1)",0.9625
"(32, 1, 1, 2)",0.96
"(32, 1, 1, 4)",0.9575
"(32, 1, 1, 8)",0.9475
"(32, 1, 1, 16)",0.95
"(32, 1, 1, 32)",0.945
"(32, 1, 1, 64)",0.9475
"(32, 1, 2, 0)",0.9625
"(32, 1, 2, 1)",0.96
"(32, 1, 2, 2)",0.955
"(32, 1, 2, 4)",0.9575
"(32, 1, 2, 8)",0.945
"(32, 1, 2, 16)",0.9475
"(32, 1, 2, 32)",0.9475
"(32, 1, 2, 64)",0.9475
"(32, 1, 4, 0)",0.955
"(32, 1, 4, 1)",0.9575
"(32, 1, 4, 2)",0.9575
"(32, 1, 4, 4)",0.9525
"(32, 1, 4, 8)",0.95
"(32, 1, 4, 16)",0.9475
"(32, 1, 4, 32)",0.945
"(32, 1, 4, 64)",0.9475
"(32, 1, 8, 0)",0.9525
"(32, 1, 8, 1)",0.9475
"(32, 1, 8, 2)",0.945
"(32, 1, 8, 4)",0.95
"(32, 1, 8, 8)",0.9525
"(32, 1, 8, 16)",0.9475
"(32, 1, 8, 32)",0.9475
"(32, 1, 8, 64)",0.9475
"(32, 1, 16, 0)",0.9525
"(32, 1, 16, 1)",0.95
"(32, 1, 16, 2)",0.9475
"(32, 1, 16, 4)",0.9475
"(32, 1, 16, 8)",0.9475
"(32, 1, 16, 16)",0.9475
"(32, 1, 16, 32)",0.9475
"(32, 1, 16, 64)",0.945
"(32, 1, 32, 0)",0.9475
"(32, 1, 32, 1)",0.945
"(32, 1, 32, 2)",0.9475
"(32, 1, 32, 4)",0.945
"(32, 1, 32, 8)",0.9475
"(32, 1, 32, 16)",0.9475
"(32, 1, 32, 32)",0.9475
"(32, 1, 32, 64)",0.9425
"(32, 1, 64, 0)",0.9475
"(32, 1, 64, 1)",0.9475
"(32, 1, 64, 2)",0.9475
"(32, 1, 64, 4)",0.9475
"(32, 1, 64, 8)",0.9475
"(32, 1, 64, 16)",0.945
"(32, 1, 64, 32)",0.9425
"(32, 1, 64, 64)",0.9425
"(32, 2, 0, 0)",0.98
"(32, 2, 0, 1)",0.97
"(32, 2, 0, 2)",0.965
"(32, 2, 0, 4)",0.96
"(32, 2, 0, 8)",0.9575
"(32, 2, 0, 16)",0.955
"(32, 2, 0, 32)",0.95
"(32, 2, 0, 64)",0.945
"(32, 2, 1, 0)",0.97
"(32, 2, 1, 1)",0.965
"(32, 2, 1, 2)",0.9625
"(32, 2, 1, 4)",0.96
"(32, 2, 1, 8)",0.9575
"(32, 2, 1, 16)",0.9525
"(32, 2, 1, 32)",0.95
"(32, 2, 1, 64)",0.945
"(32, 2, 2, 0)",0.965
"(32, 2, 2, 1)",0.9625
"(32, 2, 2, 2)",0.96
"(32, 2, 2, 4)",0.96
"(32, 2, 2, 8)",0.955
"(32, 2, 2, 16)",0.9525
"(32, 2, 2, 32)",0.95
"(32, 2, 2, 64)",0.9475
"(32, 2, 4, 0)",0.96
"(32, 2, 4, 1)",0.96
"(32, 2, 4, 2)",0.96
"(32, 2, 4, 4)",0.9575
"(32, 2, 4, 8)",0.955
"(32, 2, 4, 16)",0.9525
"(32, 2, 4, 32)",0.95
"(32, 2, 4, 64)",0.9475
"(32, 2, 8, 0)",0.9575
"(32, 2, 8, 1)",0.9575
"(32, 2, 8, 2)",0.955
"(32, 2, 8, 4)",0.955
"(32, 2, 8, 8)",0.955
"(32, 2, 8, 16)",0.9525
"(32, 2, 8, 32)",0.95
"(32, 2, 8, 64)",0.95
"(32, 2, 16, 0)",0.955
"(32, 2, 16, 1)",0.9525
"(32, 2, 16, 2)",0.9525
"(32, 2, 16, 4)",0.9525
"(32, 2, 16, 8)",0.9525
"(32, 2, 16, 16)",0.95
"(32, 2, 16, 32)",0.945
"(32, 2, 16, 64)",0.95
"(32, 2, 32, 0)",0.95
"(32, 2, 32, 1)",0.95
"(32, 2, 32, 2)",0.95
"(32, 2, 32, 4)",0.95
"(32, 2, 32, 8)",0.95
"(32, 2, 32, 16)",0.945
"(32, 2, 32, 32)",0.945
"(32, 2, 32, 64)",0.9475
"(32, 2, 64, 0)",0.945
"(32, 2, 64, 1)",0.945
"(32, 2, 64, 2)",0.9475
"(32, 2, 64, 4)",0.9475
"(32, 2, 64, 8)",0.95
"(32, 2, 64, 16)",0.95
"(32, 2, 64, 32)",0.9475
"(32, 2, 64, 64)",0.945
"(32, 4, 0, 0)",0.985
"(32, 4, 0, 1)",0.975
"(32, 4, 0, 2)",0.97
"(32, 4, 0, 4)",0.9625
"(32, 4, 0, 8)",0.9575
"(32, 4, 0, 16)",0.95
"(32, 4, 0, 32)",0.9425
"(32, 4, 0, 64)",0.9425
"(32, 4, 1, 0)",0.975
"(32, 4, 1, 1)",0.97
"(32, 4, 1, 2)",0.965
"(32, 4, 1, 4)",0.965
"(32, 4, 1, 8)",0.9575
"(32, 4, 1, 16)",0.9475
"(32, 4, 1, 32)",0.9425
"(32, 4, 1, 64)",0.9425
"(32, 4, 2, 0)",0.97
"(32, 4, 2, 1)",0.965
"(32, 4, 2, 2)",0.9625
"(32, 4, 2, 4)",0.965
"(32, 4, 2, 8)",0.9575
"(32, 4, 2, 16)",0.9475
"(32, 4, 2, 32)",0.945
"(32, 4, 2, 64)",0.9425
"(32, 4, 4, 0)",0.9625
"(32, 4, 4, 1)",0.965
"(32, 4, 4, 2)",0.965
"(32, 4, 4, 4)",0.9575
"(32, 4, 4, 8)",0.9525
"(32, 4, 4, 16)",0.95
"(32, 4, 4, 32)",0.9475
"(32, 4, 4, 64)",0.9425
"(32, 4, 8, 0)",0.9575
"(32, 4, 8, 1)",0.9575
"(32, 4, 8, 2)",0.9575
"(32, 4, 8, 4)",0.9525
"(32, 4, 8, 8)",0.95
"(32, 4, 8, 16)",0.9475
"(32, 4, 8, 32)",0.9475
"(32, 4, 8, 64)",0.9425
"(32, 4, 16, 0)",0.95
"(32, 4, 16, 1)",0.9475
"(32, 4, 16, 2)",0.9475
"(32, 4, 16, 4)",0.95
"(32, 4, 16, 8)",0.9475
"(32, 4, 16, 16)",0.9425
"(32, 4, 16, 32)",0.945
"(32, 4, 16, 64)",0.945
"(32, 4, 32, 0)",0.9425
"(32, 4, 32, 1)",0.9425
"(32, 4, 32, 2)",0.945
"(32, 4, 32, 4)",0.9475
"(32, 4, 32, 8)",0.9475
"(32, 4, 32, 16)",0.945
"(32, 4, 32, 32)",0.9425
"(32, 4, 32, 64)",0.945
"(32, 4, 64, 0)",0.9425
"(32, 4, 64, 1)",0.9425
"(32, 4, 64, 2)",0.9425
"(32, 4, 64, 4)",0.9425
"(32, 4, 64, 8)",0.9425
"(32, 4, 64, 16)",0.945
"(32, 4, 64, 32)",0.945
"(32, 4, 64, 64)",0.9475
"(32, 8, 0, 0)",0.985
"(32, 8, 0, 1)",0.975
"(32, 8, 0, 2)",0.9725
"(32, 8, 0, 4)",0.9725
"(32, 8, 0, 8)",0.965
"(32, 8, 0, 16)",0.955
"(32, 8, 0, 32)",0.945
"(32, 8, 0, 64)",0.945
"(32, 8, 1, 0)",0.975
"(32, 8, 1, 1)",0.9725
"(32, 8, 1, 2)",0.9725
"(32, 8, 1, 4)",0.9675
"(32, 8, 1, 8)",0.9625
"(32, 8, 1, 16)",0.95
"(32, 8, 1, 32)",0.945
"(32, 8, 1, 64)",0.945
"(32, 8, 2, 0)",0.9725
"(32, 8, 2, 1)",0.9725
"(32, 8, 2, 2)",0.9725
"(32, 8, 2, 4)",0.9675
"(32, 8, 2, 8)",0.9625
"(32, 8, 2, 16)",0.9475
"(32, 8, 2, 32)",0.945
"(32, 8, 2, 64)",0.945
"(32, 8, 4, 0)",0.9725
"(32, 8, 4, 1)",0.9675
"(32, 8, 4, 2)",0.9675
"(32, 8, 4, 4)",0.965
"(32, 8, 4, 8)",0.9575
"(32, 8, 4, 16)",0.9475
"(32, 8, 4, 32)",0.945
"(32, 8, 4, 64)",0.945
"(32, 8, 8, 0)",0.965
"(32, 8, 8, 1)",0.9625
"(32, 8, 8, 2)",0.9625
"(32, 8, 8, 4)",0.9575
"(32, 8, 8, 8)",0.955
"(32, 8, 8, 16)",0.9475
"(32, 8, 8, 32)",0.9475
"(32, 8, 8, 64)",0.945
"(32, 8, 16, 0)",0.955
"(32, 8, 16, 1)",0.95
"(32, 8, 16, 2)",0.9475
"(32, 8, 16, 4)",0.9475
"(32, 8, 16, 8)",0.9475
"(32, 8, 16, 16)",0.945
"(32, 8, 16, 32)",0.945
"(32, 8, 16, 64)",0.945
"(32, 8, 32, 0)",0.945
"(32, 8, 32, 1)",0.945
"(32, 8, 32, 2)",0.945
"(32, 8, 32, 4)",0.945
"(32, 8, 32, 8)",0.9475
"(32, 8, 32, 16)",0.945
"(32, 8, 32, 32)",0.945
"(32, 8, 32, 64)",0.94
"(32, 8, 64, 0)",0.945
"(32, 8, 64, 1)",0.945
"(32, 8, 64, 2)",0.945
"(32, 8, 64, 4)",0.945
"(32, 8, 64, 8)",0.945
"(32, 8, 64, 16)",0.945
"(32, 8, 64, 32)",0.94
"(32, 8, 64, 64)",0.94
"(32, 16, 0, 0)",0.985
"(32, 16, 0, 1)",0.975
"(32, 16, 0, 2)",0.975
"(32, 16, 0, 4)",0.9725
"(32, 16, 0, 8)",0.97
"(32, 16, 0, 16)",0.9575
"(32, 16, 0, 32)",0.945
"(32, 16, 0, 64)",0.9475
"(32, 16, 1, 0)",0.975
"(32, 16, 1, 1)",0.975
"(32, 16, 1, 2)",0.9725
"(32, 16, 1, 4)",0.975
"(32, 16, 1, 8)",0.97
"(32, 16, 1, 16)",0.9525
"(32, 16, 1, 32)",0.945
"(32, 16, 1, 64)",0.9475
"(32, 16, 2, 0)",0.975
"(32, 16, 2, 1)",0.9725
"(32, 16, 2, 2)",0.9725
"(32, 16, 2, 4)",0.975
"(32, 16, 2, 8)",0.9675
"(32, 16, 2, 16)",0.95
"(32, 16, 2, 32)",0.945
"(32, 16, 2, 64)",0.9475
"(32, 16, 4, 0)",0.9725
"(32, 16, 4, 1)",0.975
"(32, 16, 4, 2)",0.975
"(32, 16, 4, 4)",0.97
"(32, 16, 4, 8)",0.9675
"(32, 16, 4, 16)",0.95
"(32, 16, 4, 32)",0.945
"(32, 16, 4, 64)",0.9475
"(32, 16, 8, 0)",0.97
"(32, 16, 8, 1)",0.97
"(32, 16, 8, 2)",0.9675
"(32, 16, 8, 4)",0.9675
"(32, 16, 8, 8)",0.9575
"(32, 16, 8, 16)",0.95
"(32, 16, 8, 32)",0.945
"(32, 16, 8, 64)",0.9475
"(32, 16, 16, 0)",0.9575
"(32, 16, 16, 1)",0.9525
"(32, 16, 16, 2)",0.95
"(32, 16, 16, 4)",0.95
"(32, 16, 16, 8)",0.95
"(32, 16, 16, 16)",0.945
"(32, 16, 16, 32)",0.9475
"(32, 16, 16, 64)",0.9475
"(32, 16, 32, 0)",0.945
"(32, 16, 32, 1)",0.945
"(32, 16, 32, 2)",0.945
"(32, 16, 32, 4)",0.945
"(32, 16, 32, 8)",0.945
"(32, 16, 32, 16)",0.9475
"(32, 16, 32, 32)",0.9475
"(32, 16, 32, 64)",0.945
"(32, 16, 64, 0)",0.9475
"(32, 16, 64, 1)",0.9475
"(32, 16, 64, 2)",0.9475
"(32, 16, 64, 4)",0.9475
"(32, 16, 64, 8)",0.9475
"(32, 16, 64, 16)",0.9475
"(32, 16, 64, 32)",0.945
"(32, 16, 64, 64)",0.9425
"(32, 32, 0, 0)",0.985
"(32, 32, 0, 1)",0.9775
"(32, 32, 0, 2)",0.97
"(32, 32, 0, 4)",0.97
"(32, 32, 0, 8)",0.9675
"(32, 32, 0, 16)",0.965
"(32, 32, 0, 32)",0.9575
"(32, 32, 0, 64)",0.95
"(32, 32, 1, 0)",0.9775
"(32, 32, 1, 1)",0.97
"(32, 32, 1, 2)",0.97
"(32, 32, 1, 4)",0.9675
"(32, 32, 1, 8)",0.9675
"(32, 32, 1, 16)",0.9625
"(32, 32, 1, 32)",0.955
"(32, 32, 1, 64)",0.95
"(32, 32, 2, 0)",0.97
"(32, 32, 2, 1)",0.97
"(32, 32, 2, 2)",0.97
"(32, 32, 2, 4)",0.9675
"(32, 32, 2, 8)",0.9675
"(32, 32, 2, 16)",0.96
"(32, 32, 2, 32)",0.9525
"(32, 32, 2, 64)",0.95
"(32, 32, 4, 0)",0.97
"(32, 32, 4, 1)",0.9675
"(32, 32, 4, 2)",0.9675
"(32, 32, 4, 4)",0.9675
"(32, 32, 4, 8)",0.965
"(32, 32, 4, 16)",0.9625
"(32, 32, 4, 32)",0.9525
"(32, 32, 4, 64)",0.95
"(32, 32, 8, 0)",0.9675
"(32, 32, 8, 1)",0.9675
"(32, 32, 8, 2)",0.9675
"(32, 32, 8, 4)",0.965
"(32, 32, 8, 8)",0.965
"(32, 32, 8, 16)",0.96
"(32, 32, 8, 32)",0.9525
"(32, 32, 8, 64)",0.95
"(32, 32, 16, 0)",0.965
"(32, 32, 16, 1)",0.9625
"(32, 32, 16, 2)",0.96
"(32, 32, 16, 4)",0.9625
"(32, 32, 16, 8)",0.96
"(32, 32, 16, 16)",0.9575
"(32, 32, 16, 32)",0.945
"(32, 32, 16, 64)",0.95
"(32, 32, 32, 0)",0.9575
"(32, 32, 32, 1)",0.955
"(32, 32, 32, 2)",0.9525
"(32, 32, 32, 4)",0.9525
"(32, 32, 32, 8)",0.9525
"(32, 32, 32, 16)",0.945
"(32, 32, 32, 32)",0.95
"(32, 32, 32, 64)",0.95
"(32, 32, 64, 0)",0.95
"(32, 32, 64, 1)",0.95
"(32, 32, 64, 2)",0.95
"(32, 32, 64, 4)",0.95
"(32, 32, 64, 8)",0.95
"(32, 32, 64, 16)",0.95
"(32, 32, 64, 32)",0.95
"(32, 32, 64, 64)",0.95
"(32, 64, 0, 0)",0.9875
"(32, 64, 0, 1)",0.98
"(32, 64, 0, 2)",0.9775
"(32, 64, 0, 4)",0.9725
"(32, 64, 0, 8)",0.97
"(32, 64, 0, 16)",0.97
"(32, 64, 0, 32)",0.9625
"(32, 64, 0, 64)",0.9575
"(32, 64, 1, 0)",0.98
"(32, 64, 1, 1)",0.9775
"(32, 64, 1, 2)",0.975
"(32, 64, 1, 4)",0.9725
"(32, 64, 1, 8)",0.9675
"(32, 64, 1, 16)",0.97
"(32, 64, 1, 32)",0.9625
"(32, 64, 1, 64)",0.9575
"(32, 64, 2, 0)",0.9775
"(32, 64, 2, 1)",0.975
"(32, 64, 2, 2)",0.9725
"(32, 64, 2, 4)",0.9725
"(32, 64, 2, 8)",0.9675
"(32, 64, 2, 16)",0.9675
"(32, 64, 2, 32)",0.9625
"(32, 64, 2, 64)",0.9575
"(32, 64, 4, 0)",0.9725
"(32, 64, 4, 1)",0.9725
"(32, 64, 4, 2)",0.9725
"(32, 64, 4, 4)",0.97
"(32, 64, 4, 8)",0.97
"(32, 64, 4, 16)",0.9675
"(32, 64, 4, 32)",0.9625
"(32, 64, 4, 64)",0.9575
"(32, 64, 8, 0)",0.97
"(32, 64, 8, 1)",0.9675
"(32, 64, 8, 2)",0.9675
"(32, 64, 8, 4)",0.97
"(32, 64, 8, 8)",0.97
"(32, 64, 8, 16)",0.9625
"(32, 64, 8, 32)",0.96
"(32, 64, 8, 64)",0.955
"(32, 64, 16, 0)",0.97
"(32, 64, 16, 1)",0.97
"(32, 64, 16, 2)",0.9675
"(32, 64, 16, 4)",0.9675
"(32, 64, 16, 8)",0.9625
"(32, 64, 16, 16)",0.9625
"(32, 64, 16, 32)",0.9575
"(32, 64, 16, 64)",0.955
"(32, 64, 32, 0)",0.9625
"(32, 64, 32, 1)",0.9625
"(32, 64, 32, 2)",0.9625
"(32, 64, 32, 4)",0.9625
"(32, 64, 32, 8)",0.96
"(32, 64, 32, 16)",0.9575
"(32, 64, 32, 32)",0.9575
"(32, 64, 32, 64)",0.9525
"(32, 64, 64, 0)",0.9575
"(32, 64, 64, 1)",0.9575
"(32, 64, 64, 2)",0.9575
"(32, 64, 64, 4)",0.9575
"(32, 64, 64, 8)",0.955
"(32, 64, 64, 16)",0.955
"(32, 64, 64, 32)",0.9525
"(32, 64, 64, 64)",0.95
"(64, 0, 0, 0)",0.82
"(64, 0, 0, 1)",0.8175
"(64, 0, 0, 2)",0.825
"(64, 0, 0, 4)",0.8175
"(64, 0, 0, 8)",0.8325
"(64, 0, 0, 16)",0.8375
"(64, 0, 0, 32)",0.8325
"(64, 0, 0, 64)",0.845
"(64, 0, 1, 0)",0.8175
"(64, 0, 1, 1)",0.825
"(64, 0, 1, 2)",0.82
"(64, 0, 1, 4)",0.82
"(64, 0, 1, 8)",0.8325
"(64, 0, 1, 16)",0.8375
"(64, 0, 1, 32)",0.835
"(64, 0, 1, 64)",0.845
"(64, 0, 2, 0)",0.825
"(64, 0, 2, 1)",0.82
"(64, 0, 2, 2)",0.8175
"(64, 0, 2, 4)",0.82
"(64, 0, 2, 8)",0.8325
"(64, 0, 2, 16)",0.835
"(64, 0, 2, 32)",0.835
"(64, 0, 2, 64)",0.845
"(64, 0, 4, 0)",0.8175
"(64, 0, 4, 1)",0.82
"(64, 0, 4, 2)",0.82
"(64, 0, 4, 4)",0.8325
"(64, 0, 4, 8)",0.835
"(64, 0, 4, 16)",0.835
"(64, 0, 4, 32)",0.835
"(64, 0, 4, 64)",0.8425
"(64, 0, 8, 0)",0.8325
"(64, 0, 8, 1)",0.8325
"(64, 0, 8, 2)",0.8325
"(64, 0, 8, 4)",0.835
"(64, 0, 8, 8)",0.8375
"(64, 0, 8, 16)",0.8325
"(64, 0, 8, 32)",0.8425
"(64, 0, 8, 64)",0.8475
"(64, 0, 16, 0)",0.8375
"(64, 0, 16, 1)",0.8375
"(64, 0, 16, 2)",0.835
"(64, 0, 16, 4)",0.835
"(64, 0, 16, 8)",0.8325
"(64, 0, 16, 16)",0.8325
"(64, 0, 16, 32)",0.84
"(64, 0, 16, 64)",0.8475
"(64, 0, 32, 0)",0.8325
"(64, 0, 32, 1)",0.835
"(64, 0, 32, 2)",0.835
"(64, 0, 32, 4)",0.835
"(64, 0, 32, 8)",0.8425
"(64, 0, 32, 16)",0.84
"(64, 0, 32, 32)",0.845
"(64, 0, 32, 64)",0.84
"(64, 0, 64, 0)",0.845
"(64, 0, 64, 1)",0.845
"(64, 0, 64, 2)",0.845
"(64, 0, 64, 4)",0.8425
"(64, 0, 64, 8)",0.8475
"(64, 0, 64, 16)",0.8475
"(64, 0, 64, 32)",0.84
"(64, 0, 64, 64)",0.84
"(64, 1, 0, 0)",0.975
"(64, 1, 0, 1)",0.965
"(64, 1, 0, 2)",0.96
"(64, 1, 0, 4)",0.9575
"(64, 1, 0, 8)",0.945
"(64, 1, 0, 16)",0.945
"(64, 1, 0, 32)",0.95
"(64, 1, 0, 64)",0.9425
"(64, 1, 1, 0)",0.965
"(64, 1, 1, 1)",0.96
"(64, 1, 1, 2)",0.96
"(64, 1, 1, 4)",0.9525
"(64, 1, 1, 8)",0.945
"(64, 1, 1, 16)",0.945
"(64, 1, 1, 32)",0.95
"(64, 1, 1, 64)",0.9425
"(64, 1, 2, 0)",0.96
"(64, 1, 2, 1)",0.96
"(64, 1, 2, 2)",0.9575
"(64, 1, 2, 4)",0.955
"(64, 1, 2, 8)",0.945
"(64, 1, 2, 16)",0.9475
"(64, 1, 2, 32)",0.95
"(64, 1, 2, 64)",0.945
"(64, 1, 4, 0)",0.9575
"(64, 1, 4, 1)",0.9525
"(64, 1, 4, 2)",0.955
"(64, 1, 4, 4)",0.945
"(64, 1, 4, 8)",0.9475
"(64, 1, 4, 16)",0.95
"(64, 1, 4, 32)",0.95
"(64, 1, 4, 64)",0.9425
"(64, 1, 8, 0)",0.945
"(64, 1, 8, 1)",0.945
"(64, 1, 8, 2)",0.945
"(64, 1, 8, 4)",0.9475
"(64, 1, 8, 8)",0.945
"(64, 1, 8, 16)",0.95
"(64, 1, 8, 32)",0.945
"(64, 1, 8, 64)",0.9425
"(64, 1, 16, 0)",0.945
"(64, 1, 16, 1)",0.945
"(64, 1, 16, 2)",0.9475
"(64, 1, 16, 4)",0.95
"(64, 1, 16, 8)",0.95
"(64, 1, 16, 16)",0.95
"(64, 1, 16, 32)",0.945
"(64, 1, 16, 64)",0.9425
"(64, 1, 32, 0)",0.95
"(64, 1, 32, 1)",0.95
"(64, 1, 32, 2)",0.95
"(64, 1, 32, 4)",0.95
"(64, 1, 32, 8)",0.945
"(64, 1, 32, 16)",0.945
"(64, 1, 32, 32)",0.9425
"(64, 1, 32, 64)",0.9475
"(64, 1, 64, 0)",0.9425
"(64, 1, 64, 1)",0.9425
"(64, 1, 64, 2)",0.945
"(64, 1, 64, 4)",0.9425
"(64, 1, 64, 8)",0.9425
"(64, 1, 64, 16)",0.9425
"(64, 1, 64, 32)",0.9475
"(64, 1, 64, 64)",0.9475
"(64, 2, 0, 0)",0.9775
"(64, 2, 0, 1)",0.97
"(64, 2, 0, 2)",0.9675
"(64, 2, 0, 4)",0.9625
"(64, 2, 0, 8)",0.955
"(64, 2, 0, 16)",0.9525
"(64, 2, 0, 32)",0.9525
"(64, 2, 0, 64)",0.9475
"(64, 2, 1, 0)",0.97
"(64, 2, 1, 1)",0.9675
"(64, 2, 1, 2)",0.965
"(64, 2, 1, 4)",0.9625
"(64, 2, 1, 8)",0.955
"(64, 2, 1, 16)",0.95
"(64, 2, 1, 32)",0.95
"(64, 2, 1, 64)",0.9475
"(64, 2, 2, 0)",0.9675
"(64, 2, 2, 1)",0.965
"(64, 2, 2, 2)",0.9625
"(64, 2, 2, 4)",0.96
"(64, 2, 2, 8)",0.9575
"(64, 2, 2, 16)",0.9475
"(64, 2, 2, 32)",0.95
"(64, 2, 2, 64)",0.945
"(64, 2, 4, 0)",0.9625
"(64, 2, 4, 1)",0.9625
"(64, 2, 4, 2)",0.96
"(64, 2, 4, 4)",0.955
"(64, 2, 4, 8)",0.9575
"(64, 2, 4, 16)",0.945
"(64, 2, 4, 32)",0.9475
"(64, 2, 4, 64)",0.9475
"(64, 2, 8, 0)",0.955
"(64, 2, 8, 1)",0.955
"(64, 2, 8, 2)",0.9575
"(64, 2, 8, 4)",0.9575
"(64, 2, 8, 8)",0.9525
"(64, 2, 8, 16)",0.95
"(64, 2, 8, 32)",0.9475
"(64, 2, 8, 64)",0.945
"(64, 2, 16, 0)",0.9525
"(64, 2, 16, 1)",0.95
"(64, 2, 16, 2)",0.9475
"(64, 2, 16, 4)",0.945
"(64, 2, 16, 8)",0.95
"(64, 2, 16, 16)",0.9525
"(64, 2, 16, 32)",0.9475
"(64, 2, 16, 64)",0.9475
"(64, 2, 32, 0)",0.9525
"(64, 2, 32, 1)",0.95
"(64, 2, 32, 2)",0.95
"(64, 2, 32, 4)",0.9475
"(64, 2, 32, 8)",0.9475
"(64, 2, 32, 16)",0.9475
"(64, 2, 32, 32)",0.9475
"(64, 2, 32, 64)",0.9475
"(64, 2, 64, 0)",0.9475
"(64, 2, 64, 1)",0.9475
"(64, 2, 64, 2)",0.945
"(64, 2, 64, 4)",0.9475
"(64, 2, 64, 8)",0.945
"(64, 2, 64, 16)",0.9475
"(64, 2, 64, 32)",0.9475
"(64, 2, 64, 64)",0.9475
"(64, 4, 0, 0)",0.98
"(64, 4, 0, 1)",0.9725
"(64, 4, 0, 2)",0.97
"(64, 4, 0, 4)",0.965
"(64, 4, 0, 8)",0.96
"(64, 4, 0, 16)",0.9575
"(64, 4, 0, 32)",0.955
"(64, 4, 0, 64)",0.95
"(64, 4, 1, 0)",0.9725
"(64, 4, 1, 1)",0.97
"(64, 4, 1, 2)",0.9675
"(64, 4, 1, 4)",0.965
"(64, 4, 1, 8)",0.96
"(64, 4, 1, 16)",0.9575
"(64, 4, 1, 32)",0.9525
"(64, 4, 1, 64)",0.95
"(64, 4, 2, 0)",0.97
"(64, 4, 2, 1)",0.9675
"(64, 4, 2, 2)",0.965
"(64, 4, 2, 4)",0.9625
"(64, 4, 2, 8)",0.96
"(64, 4, 2, 16)",0.9575
"(64, 4, 2, 32)",0.9525
"(64, 4, 2, 64)",0.95
"(64, 4, 4, 0)",0.965
"(64, 4, 4, 1)",0.965
"(64, 4, 4, 2)",0.9625
"(64, 4, 4, 4)",0.96
"(64, 4, 4, 8)",0.96
"(64, 4, 4, 16)",0.955
"(64, 4, 4, 32)",0.9525
"(64, 4, 4, 64)",0.95
"(64, 4, 8, 0)",0.96
"(64, 4, 8, 1)",0.96
"(64, 4, 8, 2)",0.96
"(64, 4, 8, 4)",0.96
"(64, 4, 8, 8)",0.9575
"(64, 4, 8, 16)",0.955
"(64, 4, 8, 32)",0.9525
"(64, 4, 8, 64)",0.95
"(64, 4, 16, 0)",0.9575
"(64, 4, 16, 1)",0.9575
"(64, 4, 16, 2)",0.9575
"(64, 4, 16, 4)",0.955
"(64, 4, 16, 8)",0.955
"(64, 4, 16, 16)",0.955
"(64, 4, 16, 32)",0.9525
"(64, 4, 16, 64)",0.95
"(64, 4, 32, 0)",0.955
"(64, 4, 32, 1)",0.9525
"(64, 4, 32, 2)",0.9525
"(64, 4, 32, 4)",0.9525
"(64, 4, 32, 8)",0.9525
"(64, 4, 32, 16)",0.9525
"(64, 4, 32, 32)",0.95
"(64, 4, 32, 64)",0.945
"(64, 4, 64, 0)",0.95
"(64, 4, 64, 1)",0.95
"(64, 4, 64, 2)",0.95
"(64, 4, 64, 4)",0.95
"(64, 4, 64, 8)",0.95
"(64, 4, 64, 16)",0.95
"(64, 4, 64, 32)",0.945
"(64, 4, 64, 64)",0.945
"(64, 8, 0, 0)",0.985
"(64, 8, 0, 1)",0.975
"(64, 8, 0, 2)",0.975
"(64, 8, 0, 4)",0.97
"(64, 8, 0, 8)",0.9625
"(64, 8, 0, 16)",0.9575
"(64, 8, 0, 32)",0.95
"(64, 8, 0, 64)",0.9425
"(64, 8, 1, 0)",0.975
"(64, 8, 1, 1)",0.975
"(64, 8, 1, 2)",0.975
"(64, 8, 1, 4)",0.9675
"(64, 8, 1, 8)",0.965
"(64, 8, 1, 16)",0.9575
"(64, 8, 1, 32)",0.9475
"(64, 8, 1, 64)",0.9425
"(64, 8, 2, 0)",0.975
"(64, 8, 2, 1)",0.975
"(64, 8, 2, 2)",0.97
"(64, 8, 2, 4)",0.965
"(64, 8, 2, 8)",0.965
"(64, 8, 2, 16)",0.9575
"(64, 8, 2, 32)",0.9475
"(64, 8, 2, 64)",0.9425
"(64, 8, 4, 0)",0.97
"(64, 8, 4, 1)",0.9675
"(64, 8, 4, 2)",0.965
"(64, 8, 4, 4)",0.9625
"(64, 8, 4, 8)",0.965
"(64, 8, 4, 16)",0.9575
"(64, 8, 4, 32)",0.9475
"(64, 8, 4, 64)",0.945
"(64, 8, 8, 0)",0.9625
"(64, 8, 8, 1)",0.965
"(64, 8, 8, 2)",0.965
"(64, 8, 8, 4)",0.965
"(64, 8, 8, 8)",0.9575
"(64, 8, 8, 16)",0.9525
"(64, 8, 8, 32)",0.95
"(64, 8, 8, 64)",0.9475
"(64, 8, 16, 0)",0.9575
"(64, 8, 16, 1)",0.9575
"(64, 8, 16, 2)",0.9575
"(64, 8, 16, 4)",0.9575
"(64, 8, 16, 8)",0.9525
"(64, 8, 16, 16)",0.95
"(64, 8, 16, 32)",0.9475
"(64, 8, 16, 64)",0.9475
"(64, 8, 32, 0)",0.95
"(64, 8, 32, 1)",0.9475
"(64, 8, 32, 2)",0.9475
"(64, 8, 32, 4)",0.9475
"(64, 8, 32, 8)",0.95
"(64, 8, 32, 16)",0.9475
"(64, 8, 32, 32)",0.9425
"(64, 8, 32, 64)",0.945
"(64, 8, 64, 0)",0.9425
"(64, 8, 64, 1)",0.9425
"(64, 8, 64, 2)",0.9425
"(64, 8, 64, 4)",0.945
"(64, 8, 64, 8)",0.9475
"(64, 8, 64, 16)",0.9475
"(64, 8, 64, 32)",0.945
"(64, 8, 64, 64)",0.9425
"(64, 16, 0, 0)",0.985
"(64, 16, 0, 1)",0.98
"(64, 16, 0, 2)",0.975
"(64, 16, 0, 4)",0.9725
"(64, 16, 0, 8)",0.9725
"(64, 16, 0, 16)",0.965
"(64, 16, 0, 32)",0.955
"(64, 16, 0, 64)",0.945
"(64, 16, 1, 0)",0.98
"(64, 16, 1, 1)",0.975
"(64, 16, 1, 2)",0.9725
"(64, 16, 1, 4)",0.9725
"(64, 16, 1, 8)",0.9675
"(64, 16, 1, 16)",0.965
"(64, 16, 1, 32)",0.95
"(64, 16, 1, 64)",0.945
"(64, 16, 2, 0)",0.975
"(64, 16, 2, 1)",0.9725
"(64, 16, 2, 2)",0.9725
"(64, 16, 2, 4)",0.9725
"(64, 16, 2, 8)",0.9675
"(64, 16, 2, 16)",0.9625
"(64, 16, 2, 32)",0.95
"(64, 16, 2, 64)",0.945
"(64, 16, 4, 0)",0.9725
"(64, 16, 4, 1)",0.9725
"(64, 16, 4, 2)",0.9725
"(64, 16, 4, 4)",0.9725
"(64, 16, 4, 8)",0.9675
"(64, 16, 4, 16)",0.9625
"(64, 16, 4, 32)",0.9475
"(64, 16, 4, 64)",0.945
"(64, 16, 8, 0)",0.9725
"(64, 16, 8, 1)",0.9675
"(64, 16, 8, 2)",0.9675
"(64, 16, 8, 4)",0.9675
"(64, 16, 8, 8)",0.965
"(64, 16, 8, 16)",0.9575
"(64, 16, 8, 32)",0.9475
"(64, 16, 8, 64)",0.945
"(64, 16, 16, 0)",0.965
"(64, 16, 16, 1)",0.965
"(64, 16, 16, 2)",0.9625
"(64, 16, 16, 4)",0.9625
"(64, 16, 16, 8)",0.9575
"(64, 16, 16, 16)",0.955
"(64, 16, 16, 32)",0.9475
"(64, 16, 16, 64)",0.9475
"(64, 16, 32, 0)",0.955
"(64, 16, 32, 1)",0.95
"(64, 16, 32, 2)",0.95
"(64, 16, 32, 4)",0.9475
"(64, 16, 32, 8)",0.9475
"(64, 16, 32, 16)",0.9475
"(64, 16, 32, 32)",0.945
"(64, 16, 32, 64)",0.945
"(64, 16, 64, 0)",0.945
"(64, 16, 64, 1)",0.945
"(64, 16, 64, 2)",0.945
"(64, 16, 64, 4)",0.945
"(64, 16, 64, 8)",0.945
"(64, 16, 64, 16)",0.9475
"(64, 16, 64, 32)",0.945
"(64, 16, 64, 64)",0.945
"(64, 32, 0, 0)",0.985
"(64, 32, 0, 1)",0.98
"(64, 32, 0, 2)",0.975
"(64, 32, 0, 4)",0.975
"(64, 32, 0, 8)",0.9725
"(64, 32, 0, 16)",0.97
"(64, 32, 0, 32)",0.9575
"(64, 32, 0, 64)",0.945
"(64, 32, 1, 0)",0.98
"(64, 32, 1, 1)",0.975
"(64, 32, 1, 2)",0.975
"(64, 32, 1, 4)",0.9725
"(64, 32, 1, 8)",0.9725
"(64, 32, 1, 16)",0.97
"(64, 32, 1, 32)",0.955
"(64, 32, 1, 64)",0.945
"(64, 32, 2, 0)",0.975
"(64, 32, 2, 1)",0.975
"(64, 32, 2, 2)",0.975
"(64, 32, 2, 4)",0.9725
"(64, 32, 2, 8)",0.975
"(64, 32, 2, 16)",0.97
"(64, 32, 2, 32)",0.9525
"(64, 32, 2, 64)",0.945
"(64, 32, 4, 0)",0.975
"(64, 32, 4, 1)",0.9725
"(64, 32, 4, 2)",0.9725
"(64, 32, 4, 4)",0.9725
"(64, 32, 4, 8)",0.975
"(64, 32, 4, 16)",0.9675
"(64, 32, 4, 32)",0.95
"(64, 32, 4, 64)",0.945
"(64, 32, 8, 0)",0.9725
"(64, 32, 8, 1)",0.9725
"(64, 32, 8, 2)",0.975
"(64, 32, 8, 4)",0.975
"(64, 32, 8, 8)",0.97
"(64, 32, 8, 16)",0.9675
"(64, 32, 8, 32)",0.95
"(64, 32, 8, 64)",0.945
"(64, 32, 16, 0)",0.97
"(64, 32, 16, 1)",0.97
"(64, 32, 16, 2)",0.97
"(64, 32, 16, 4)",0.9675
"(64, 32, 16, 8)",0.9675
"(64, 32, 16, 16)",0.9575
"(64, 32, 16, 32)",0.95
"(64, 32, 16, 64)",0.945
"(64, 32, 32, 0)",0.9575
"(64, 32, 32, 1)",0.955
"(64, 32, 32, 2)",0.9525
"(64, 32, 32, 4)",0.95
"(64, 32, 32, 8)",0.95
"(64, 32, 32, 16)",0.95
"(64, 32, 32, 32)",0.945
"(64, 32, 32, 64)",0.9475
"(64, 32, 64, 0)",0.945
"(64, 32, 64, 1)",0.945
"(64, 32, 64, 2)",0.945
"(64, 32, 64, 4)",0.945
"(64, 32, 64, 8)",0.945
"(64, 32, 64, 16)",0.945
"(64, 32, 64, 32)",0.9475
"(64, 32, 64, 64)",0.9475
"(64, 64, 0, 0)",0.985
"(64, 64, 0, 1)",0.98
"(64, 64, 0, 2)",0.9775
"(64, 64, 0, 4)",0.97
"(64, 64, 0, 8)",0.97
"(64, 64, 0, 16)",0.9675
"(64, 64, 0, 32)",0.965
"(64, 64, 0, 64)",0.9575
"(64, 64, 1, 0)",0.98
"(64, 64, 1, 1)",0.9775
"(64, 64, 1, 2)",0.975
"(64, 64, 1, 4)",0.97
"(64, 64, 1, 8)",0.9675
"(64, 64, 1, 16)",0.9675
"(64, 64, 1, 32)",0.965
"(64, 64, 1, 64)",0.955
"(64, 64, 2, 0)",0.9775
"(64, 64, 2, 1)",0.975
"(64, 64, 2, 2)",0.97
"(64, 64, 2, 4)",0.97
"(64, 64, 2, 8)",0.9675
"(64, 64, 2, 16)",0.9675
"(64, 64, 2, 32)",0.9625
"(64, 64, 2, 64)",0.955
"(64, 64, 4, 0)",0.97
"(64, 64, 4, 1)",0.97
"(64, 64, 4, 2)",0.97
"(64, 64, 4, 4)",0.97
"(64, 64, 4, 8)",0.9675
"(64, 64, 4, 16)",0.9675
"(64, 64, 4, 32)",0.96
"(64, 64, 4, 64)",0.9525
"(64, 64, 8, 0)",0.97
"(64, 64, 8, 1)",0.9675
"(64, 64, 8, 2)",0.9675
"(64, 64, 8, 4)",0.9675
"(64, 64, 8, 8)",0.9675
"(64, 64, 8, 16)",0.965
"(64, 64, 8, 32)",0.9625
"(64, 64, 8, 64)",0.9525
"(64, 64, 16, 0)",0.9675
"(64, 64, 16, 1)",0.9675
"(64, 64, 16, 2)",0.9675
"(64, 64, 16, 4)",0.9675
"(64, 64, 16, 8)",0.965
"(64, 64, 16, 16)",0.965
"(64, 64, 16, 32)",0.96
"(64, 64, 16, 64)",0.9525
"(64, 64, 32, 0)",0.965
"(64, 64, 32, 1)",0.965
"(64, 64, 32, 2)",0.9625
"(64, 64, 32, 4)",0.96
"(64, 64, 32, 8)",0.9625
"(64, 64, 32, 16)",0.96
"(64, 64, 32, 32)",0.9575
"(64, 64, 32, 64)",0.945
"(64, 64, 64, 0)",0.9575
"(64, 64, 64, 1)",0.955
"(64, 64, 64, 2)",0.955
"(64, 64, 64, 4)",0.9525
"(64, 64, 64, 8)",0.9525
"(64, 64, 64, 16)",0.9525
"(64, 64, 64, 32)",0.945
"(64, 64, 64, 64)",0.95
