Unnamed: 0,Unnamed: 0.1,weights,aligns
,,"(0, 0, 0, 0)",0.46
,,"(0, 0, 0, 1)",0.475
,,"(0, 0, 0, 2)",0.475
,,"(0, 0, 0, 3)",0.475
,,"(0, 0, 0, 4)",0.475
,,"(0, 0, 0, 5)",0.475
,,"(0, 0, 0, 6)",0.475
,,"(0, 0, 0, 7)",0.475
,,"(0, 0, 1, 0)",0.475
,,"(0, 0, 1, 1)",0.475
,,"(0, 0, 1, 2)",0.475
,,"(0, 0, 1, 3)",0.475
,,"(0, 0, 1, 4)",0.475
,,"(0, 0, 1, 5)",0.475
,,"(0, 0, 1, 6)",0.475
,,"(0, 0, 1, 7)",0.475
,,"(0, 0, 2, 0)",0.475
,,"(0, 0, 2, 1)",0.475
,,"(0, 0, 2, 2)",0.475
,,"(0, 0, 2, 3)",0.475
,,"(0, 0, 2, 4)",0.475
,,"(0, 0, 2, 5)",0.475
,,"(0, 0, 2, 6)",0.475
,,"(0, 0, 2, 7)",0.475
,,"(0, 0, 3, 0)",0.475
,,"(0, 0, 3, 1)",0.475
,,"(0, 0, 3, 2)",0.475
,,"(0, 0, 3, 3)",0.475
,,"(0, 0, 3, 4)",0.475
,,"(0, 0, 3, 5)",0.475
,,"(0, 0, 3, 6)",0.475
,,"(0, 0, 3, 7)",0.475
,,"(0, 0, 4, 0)",0.475
,,"(0, 0, 4, 1)",0.475
,,"(0, 0, 4, 2)",0.475
,,"(0, 0, 4, 3)",0.475
,,"(0, 0, 4, 4)",0.475
,,"(0, 0, 4, 5)",0.475
,,"(0, 0, 4, 6)",0.475
,,"(0, 0, 4, 7)",0.475
,,"(0, 0, 5, 0)",0.475
,,"(0, 0, 5, 1)",0.475
,,"(0, 0, 5, 2)",0.475
,,"(0, 0, 5, 3)",0.475
,,"(0, 0, 5, 4)",0.475
,,"(0, 0, 5, 5)",0.475
,,"(0, 0, 5, 6)",0.475
,,"(0, 0, 5, 7)",0.475
,,"(0, 0, 6, 0)",0.475
,,"(0, 0, 6, 1)",0.475
,,"(0, 0, 6, 2)",0.475
,,"(0, 0, 6, 3)",0.475
,,"(0, 0, 6, 4)",0.475
,,"(0, 0, 6, 5)",0.475
,,"(0, 0, 6, 6)",0.475
,,"(0, 0, 6, 7)",0.475
,,"(0, 0, 7, 0)",0.475
,,"(0, 0, 7, 1)",0.475
,,"(0, 0, 7, 2)",0.475
,,"(0, 0, 7, 3)",0.475
,,"(0, 0, 7, 4)",0.475
,,"(0, 0, 7, 5)",0.475
,,"(0, 0, 7, 6)",0.475
,,"(0, 0, 7, 7)",0.475
,,"(0, 1, 0, 0)",0.79
,,"(0, 1, 0, 1)",0.825
,,"(0, 1, 0, 2)",0.8325
,,"(0, 1, 0, 3)",0.83
,,"(0, 1, 0, 4)",0.83
,,"(0, 1, 0, 5)",0.8175
,,"(0, 1, 0, 6)",0.815
,,"(0, 1, 0, 7)",0.815
,,"(0, 1, 1, 0)",0.825
,,"(0, 1, 1, 1)",0.8325
,,"(0, 1, 1, 2)",0.83
,,"(0, 1, 1, 3)",0.83
,,"(0, 1, 1, 4)",0.8175
,,"(0, 1, 1, 5)",0.815
,,"(0, 1, 1, 6)",0.815
,,"(0, 1, 1, 7)",0.815
,,"(0, 1, 2, 0)",0.8325
,,"(0, 1, 2, 1)",0.83
,,"(0, 1, 2, 2)",0.83
,,"(0, 1, 2, 3)",0.8175
,,"(0, 1, 2, 4)",0.815
,,"(0, 1, 2, 5)",0.815
,,"(0, 1, 2, 6)",0.815
,,"(0, 1, 2, 7)",0.8125
,,"(0, 1, 3, 0)",0.83
,,"(0, 1, 3, 1)",0.83
,,"(0, 1, 3, 2)",0.8175
,,"(0, 1, 3, 3)",0.815
,,"(0, 1, 3, 4)",0.815
,,"(0, 1, 3, 5)",0.815
,,"(0, 1, 3, 6)",0.8125
,,"(0, 1, 3, 7)",0.8125
,,"(0, 1, 4, 0)",0.83
,,"(0, 1, 4, 1)",0.8175
,,"(0, 1, 4, 2)",0.815
,,"(0, 1, 4, 3)",0.815
,,"(0, 1, 4, 4)",0.815
,,"(0, 1, 4, 5)",0.8125
,,"(0, 1, 4, 6)",0.8125
,,"(0, 1, 4, 7)",0.815
,,"(0, 1, 5, 0)",0.8175
,,"(0, 1, 5, 1)",0.815
,,"(0, 1, 5, 2)",0.815
,,"(0, 1, 5, 3)",0.815
,,"(0, 1, 5, 4)",0.8125
,,"(0, 1, 5, 5)",0.8125
,,"(0, 1, 5, 6)",0.815
,,"(0, 1, 5, 7)",0.81
,,"(0, 1, 6, 0)",0.815
,,"(0, 1, 6, 1)",0.815
,,"(0, 1, 6, 2)",0.815
,,"(0, 1, 6, 3)",0.8125
,,"(0, 1, 6, 4)",0.8125
,,"(0, 1, 6, 5)",0.815
,,"(0, 1, 6, 6)",0.81
,,"(0, 1, 6, 7)",0.81
,,"(0, 1, 7, 0)",0.815
,,"(0, 1, 7, 1)",0.815
,,"(0, 1, 7, 2)",0.8125
,,"(0, 1, 7, 3)",0.8125
,,"(0, 1, 7, 4)",0.815
,,"(0, 1, 7, 5)",0.81
,,"(0, 1, 7, 6)",0.81
,,"(0, 1, 7, 7)",0.81
,,"(0, 2, 0, 0)",0.79
,,"(0, 2, 0, 1)",0.8225
,,"(0, 2, 0, 2)",0.825
,,"(0, 2, 0, 3)",0.8275
,,"(0, 2, 0, 4)",0.8325
,,"(0, 2, 0, 5)",0.8325
,,"(0, 2, 0, 6)",0.83
,,"(0, 2, 0, 7)",0.8225
,,"(0, 2, 1, 0)",0.8225
,,"(0, 2, 1, 1)",0.825
,,"(0, 2, 1, 2)",0.8275
,,"(0, 2, 1, 3)",0.8325
,,"(0, 2, 1, 4)",0.8325
,,"(0, 2, 1, 5)",0.83
,,"(0, 2, 1, 6)",0.8225
,,"(0, 2, 1, 7)",0.83
,,"(0, 2, 2, 0)",0.825
,,"(0, 2, 2, 1)",0.8275
,,"(0, 2, 2, 2)",0.8325
,,"(0, 2, 2, 3)",0.8325
,,"(0, 2, 2, 4)",0.83
,,"(0, 2, 2, 5)",0.8225
,,"(0, 2, 2, 6)",0.83
,,"(0, 2, 2, 7)",0.8225
,,"(0, 2, 3, 0)",0.8275
,,"(0, 2, 3, 1)",0.8325
,,"(0, 2, 3, 2)",0.8325
,,"(0, 2, 3, 3)",0.83
,,"(0, 2, 3, 4)",0.8225
,,"(0, 2, 3, 5)",0.83
,,"(0, 2, 3, 6)",0.8225
,,"(0, 2, 3, 7)",0.8175
,,"(0, 2, 4, 0)",0.8325
,,"(0, 2, 4, 1)",0.8325
,,"(0, 2, 4, 2)",0.83
,,"(0, 2, 4, 3)",0.8225
,,"(0, 2, 4, 4)",0.83
,,"(0, 2, 4, 5)",0.8225
,,"(0, 2, 4, 6)",0.8175
,,"(0, 2, 4, 7)",0.8175
,,"(0, 2, 5, 0)",0.8325
,,"(0, 2, 5, 1)",0.83
,,"(0, 2, 5, 2)",0.8225
,,"(0, 2, 5, 3)",0.83
,,"(0, 2, 5, 4)",0.8225
,,"(0, 2, 5, 5)",0.8175
,,"(0, 2, 5, 6)",0.8175
,,"(0, 2, 5, 7)",0.815
,,"(0, 2, 6, 0)",0.83
,,"(0, 2, 6, 1)",0.8225
,,"(0, 2, 6, 2)",0.83
,,"(0, 2, 6, 3)",0.8225
,,"(0, 2, 6, 4)",0.8175
,,"(0, 2, 6, 5)",0.8175
,,"(0, 2, 6, 6)",0.815
,,"(0, 2, 6, 7)",0.815
,,"(0, 2, 7, 0)",0.8225
,,"(0, 2, 7, 1)",0.83
,,"(0, 2, 7, 2)",0.8225
,,"(0, 2, 7, 3)",0.8175
,,"(0, 2, 7, 4)",0.8175
,,"(0, 2, 7, 5)",0.815
,,"(0, 2, 7, 6)",0.815
,,"(0, 2, 7, 7)",0.815
,,"(0, 3, 0, 0)",0.79
,,"(0, 3, 0, 1)",0.81
,,"(0, 3, 0, 2)",0.8225
,,"(0, 3, 0, 3)",0.825
,,"(0, 3, 0, 4)",0.83
,,"(0, 3, 0, 5)",0.83
,,"(0, 3, 0, 6)",0.8325
,,"(0, 3, 0, 7)",0.8325
,,"(0, 3, 1, 0)",0.81
,,"(0, 3, 1, 1)",0.8225
,,"(0, 3, 1, 2)",0.825
,,"(0, 3, 1, 3)",0.83
,,"(0, 3, 1, 4)",0.83
,,"(0, 3, 1, 5)",0.8325
,,"(0, 3, 1, 6)",0.8325
,,"(0, 3, 1, 7)",0.8325
,,"(0, 3, 2, 0)",0.8225
,,"(0, 3, 2, 1)",0.825
,,"(0, 3, 2, 2)",0.83
,,"(0, 3, 2, 3)",0.83
,,"(0, 3, 2, 4)",0.8325
,,"(0, 3, 2, 5)",0.8325
,,"(0, 3, 2, 6)",0.8325
,,"(0, 3, 2, 7)",0.83
,,"(0, 3, 3, 0)",0.825
,,"(0, 3, 3, 1)",0.83
,,"(0, 3, 3, 2)",0.83
,,"(0, 3, 3, 3)",0.8325
,,"(0, 3, 3, 4)",0.8325
,,"(0, 3, 3, 5)",0.8325
,,"(0, 3, 3, 6)",0.83
,,"(0, 3, 3, 7)",0.8225
,,"(0, 3, 4, 0)",0.83
,,"(0, 3, 4, 1)",0.83
,,"(0, 3, 4, 2)",0.8325
,,"(0, 3, 4, 3)",0.8325
,,"(0, 3, 4, 4)",0.8325
,,"(0, 3, 4, 5)",0.83
,,"(0, 3, 4, 6)",0.8225
,,"(0, 3, 4, 7)",0.8225
,,"(0, 3, 5, 0)",0.83
,,"(0, 3, 5, 1)",0.8325
,,"(0, 3, 5, 2)",0.8325
,,"(0, 3, 5, 3)",0.8325
,,"(0, 3, 5, 4)",0.83
,,"(0, 3, 5, 5)",0.8225
,,"(0, 3, 5, 6)",0.8225
,,"(0, 3, 5, 7)",0.83
,,"(0, 3, 6, 0)",0.8325
,,"(0, 3, 6, 1)",0.8325
,,"(0, 3, 6, 2)",0.8325
,,"(0, 3, 6, 3)",0.83
,,"(0, 3, 6, 4)",0.8225
,,"(0, 3, 6, 5)",0.8225
,,"(0, 3, 6, 6)",0.83
,,"(0, 3, 6, 7)",0.825
,,"(0, 3, 7, 0)",0.8325
,,"(0, 3, 7, 1)",0.8325
,,"(0, 3, 7, 2)",0.83
,,"(0, 3, 7, 3)",0.8225
,,"(0, 3, 7, 4)",0.8225
,,"(0, 3, 7, 5)",0.83
,,"(0, 3, 7, 6)",0.825
,,"(0, 3, 7, 7)",0.82
,,"(0, 4, 0, 0)",0.79
,,"(0, 4, 0, 1)",0.8125
,,"(0, 4, 0, 2)",0.8225
,,"(0, 4, 0, 3)",0.8225
,,"(0, 4, 0, 4)",0.825
,,"(0, 4, 0, 5)",0.83
,,"(0, 4, 0, 6)",0.8275
,,"(0, 4, 0, 7)",0.83
,,"(0, 4, 1, 0)",0.8125
,,"(0, 4, 1, 1)",0.8225
,,"(0, 4, 1, 2)",0.8225
,,"(0, 4, 1, 3)",0.825
,,"(0, 4, 1, 4)",0.83
,,"(0, 4, 1, 5)",0.8275
,,"(0, 4, 1, 6)",0.83
,,"(0, 4, 1, 7)",0.8325
,,"(0, 4, 2, 0)",0.8225
,,"(0, 4, 2, 1)",0.8225
,,"(0, 4, 2, 2)",0.825
,,"(0, 4, 2, 3)",0.83
,,"(0, 4, 2, 4)",0.8275
,,"(0, 4, 2, 5)",0.83
,,"(0, 4, 2, 6)",0.8325
,,"(0, 4, 2, 7)",0.8325
,,"(0, 4, 3, 0)",0.8225
,,"(0, 4, 3, 1)",0.825
,,"(0, 4, 3, 2)",0.83
,,"(0, 4, 3, 3)",0.8275
,,"(0, 4, 3, 4)",0.83
,,"(0, 4, 3, 5)",0.8325
,,"(0, 4, 3, 6)",0.8325
,,"(0, 4, 3, 7)",0.8325
,,"(0, 4, 4, 0)",0.825
,,"(0, 4, 4, 1)",0.83
,,"(0, 4, 4, 2)",0.8275
,,"(0, 4, 4, 3)",0.83
,,"(0, 4, 4, 4)",0.8325
,,"(0, 4, 4, 5)",0.8325
,,"(0, 4, 4, 6)",0.8325
,,"(0, 4, 4, 7)",0.83
,,"(0, 4, 5, 0)",0.83
,,"(0, 4, 5, 1)",0.8275
,,"(0, 4, 5, 2)",0.83
,,"(0, 4, 5, 3)",0.8325
,,"(0, 4, 5, 4)",0.8325
,,"(0, 4, 5, 5)",0.8325
,,"(0, 4, 5, 6)",0.83
,,"(0, 4, 5, 7)",0.83
,,"(0, 4, 6, 0)",0.8275
,,"(0, 4, 6, 1)",0.83
,,"(0, 4, 6, 2)",0.8325
,,"(0, 4, 6, 3)",0.8325
,,"(0, 4, 6, 4)",0.8325
,,"(0, 4, 6, 5)",0.83
,,"(0, 4, 6, 6)",0.83
,,"(0, 4, 6, 7)",0.825
,,"(0, 4, 7, 0)",0.83
,,"(0, 4, 7, 1)",0.8325
,,"(0, 4, 7, 2)",0.8325
,,"(0, 4, 7, 3)",0.8325
,,"(0, 4, 7, 4)",0.83
,,"(0, 4, 7, 5)",0.83
,,"(0, 4, 7, 6)",0.825
,,"(0, 4, 7, 7)",0.8225
,,"(0, 5, 0, 0)",0.79
,,"(0, 5, 0, 1)",0.81
,,"(0, 5, 0, 2)",0.8125
,,"(0, 5, 0, 3)",0.82
,,"(0, 5, 0, 4)",0.825
,,"(0, 5, 0, 5)",0.825
,,"(0, 5, 0, 6)",0.83
,,"(0, 5, 0, 7)",0.8275
,,"(0, 5, 1, 0)",0.81
,,"(0, 5, 1, 1)",0.8125
,,"(0, 5, 1, 2)",0.82
,,"(0, 5, 1, 3)",0.825
,,"(0, 5, 1, 4)",0.825
,,"(0, 5, 1, 5)",0.83
,,"(0, 5, 1, 6)",0.8275
,,"(0, 5, 1, 7)",0.83
,,"(0, 5, 2, 0)",0.8125
,,"(0, 5, 2, 1)",0.82
,,"(0, 5, 2, 2)",0.825
,,"(0, 5, 2, 3)",0.825
,,"(0, 5, 2, 4)",0.83
,,"(0, 5, 2, 5)",0.8275
,,"(0, 5, 2, 6)",0.83
,,"(0, 5, 2, 7)",0.8325
,,"(0, 5, 3, 0)",0.82
,,"(0, 5, 3, 1)",0.825
,,"(0, 5, 3, 2)",0.825
,,"(0, 5, 3, 3)",0.83
,,"(0, 5, 3, 4)",0.8275
,,"(0, 5, 3, 5)",0.83
,,"(0, 5, 3, 6)",0.8325
,,"(0, 5, 3, 7)",0.8325
,,"(0, 5, 4, 0)",0.825
,,"(0, 5, 4, 1)",0.825
,,"(0, 5, 4, 2)",0.83
,,"(0, 5, 4, 3)",0.8275
,,"(0, 5, 4, 4)",0.83
,,"(0, 5, 4, 5)",0.8325
,,"(0, 5, 4, 6)",0.8325
,,"(0, 5, 4, 7)",0.8325
,,"(0, 5, 5, 0)",0.825
,,"(0, 5, 5, 1)",0.83
,,"(0, 5, 5, 2)",0.8275
,,"(0, 5, 5, 3)",0.83
,,"(0, 5, 5, 4)",0.8325
,,"(0, 5, 5, 5)",0.8325
,,"(0, 5, 5, 6)",0.8325
,,"(0, 5, 5, 7)",0.835
,,"(0, 5, 6, 0)",0.83
,,"(0, 5, 6, 1)",0.8275
,,"(0, 5, 6, 2)",0.83
,,"(0, 5, 6, 3)",0.8325
,,"(0, 5, 6, 4)",0.8325
,,"(0, 5, 6, 5)",0.8325
,,"(0, 5, 6, 6)",0.835
,,"(0, 5, 6, 7)",0.8325
,,"(0, 5, 7, 0)",0.8275
,,"(0, 5, 7, 1)",0.83
,,"(0, 5, 7, 2)",0.8325
,,"(0, 5, 7, 3)",0.8325
,,"(0, 5, 7, 4)",0.8325
,,"(0, 5, 7, 5)",0.835
,,"(0, 5, 7, 6)",0.8325
,,"(0, 5, 7, 7)",0.83
,,"(0, 6, 0, 0)",0.79
,,"(0, 6, 0, 1)",0.8075
,,"(0, 6, 0, 2)",0.81
,,"(0, 6, 0, 3)",0.8225
,,"(0, 6, 0, 4)",0.8225
,,"(0, 6, 0, 5)",0.825
,,"(0, 6, 0, 6)",0.825
,,"(0, 6, 0, 7)",0.83
,,"(0, 6, 1, 0)",0.8075
,,"(0, 6, 1, 1)",0.81
,,"(0, 6, 1, 2)",0.8225
,,"(0, 6, 1, 3)",0.8225
,,"(0, 6, 1, 4)",0.825
,,"(0, 6, 1, 5)",0.825
,,"(0, 6, 1, 6)",0.83
,,"(0, 6, 1, 7)",0.83
,,"(0, 6, 2, 0)",0.81
,,"(0, 6, 2, 1)",0.8225
,,"(0, 6, 2, 2)",0.8225
,,"(0, 6, 2, 3)",0.825
,,"(0, 6, 2, 4)",0.825
,,"(0, 6, 2, 5)",0.83
,,"(0, 6, 2, 6)",0.83
,,"(0, 6, 2, 7)",0.8275
,,"(0, 6, 3, 0)",0.8225
,,"(0, 6, 3, 1)",0.8225
,,"(0, 6, 3, 2)",0.825
,,"(0, 6, 3, 3)",0.825
,,"(0, 6, 3, 4)",0.83
,,"(0, 6, 3, 5)",0.83
,,"(0, 6, 3, 6)",0.8275
,,"(0, 6, 3, 7)",0.83
,,"(0, 6, 4, 0)",0.8225
,,"(0, 6, 4, 1)",0.825
,,"(0, 6, 4, 2)",0.825
,,"(0, 6, 4, 3)",0.83
,,"(0, 6, 4, 4)",0.83
,,"(0, 6, 4, 5)",0.8275
,,"(0, 6, 4, 6)",0.83
,,"(0, 6, 4, 7)",0.8325
,,"(0, 6, 5, 0)",0.825
,,"(0, 6, 5, 1)",0.825
,,"(0, 6, 5, 2)",0.83
,,"(0, 6, 5, 3)",0.83
,,"(0, 6, 5, 4)",0.8275
,,"(0, 6, 5, 5)",0.83
,,"(0, 6, 5, 6)",0.8325
,,"(0, 6, 5, 7)",0.8325
,,"(0, 6, 6, 0)",0.825
,,"(0, 6, 6, 1)",0.83
,,"(0, 6, 6, 2)",0.83
,,"(0, 6, 6, 3)",0.8275
,,"(0, 6, 6, 4)",0.83
,,"(0, 6, 6, 5)",0.8325
,,"(0, 6, 6, 6)",0.8325
,,"(0, 6, 6, 7)",0.83
,,"(0, 6, 7, 0)",0.83
,,"(0, 6, 7, 1)",0.83
,,"(0, 6, 7, 2)",0.8275
,,"(0, 6, 7, 3)",0.83
,,"(0, 6, 7, 4)",0.8325
,,"(0, 6, 7, 5)",0.8325
,,"(0, 6, 7, 6)",0.83
,,"(0, 6, 7, 7)",0.8325
,,"(0, 7, 0, 0)",0.79
,,"(0, 7, 0, 1)",0.8075
,,"(0, 7, 0, 2)",0.81
,,"(0, 7, 0, 3)",0.8175
,,"(0, 7, 0, 4)",0.8225
,,"(0, 7, 0, 5)",0.825
,,"(0, 7, 0, 6)",0.825
,,"(0, 7, 0, 7)",0.825
,,"(0, 7, 1, 0)",0.8075
,,"(0, 7, 1, 1)",0.81
,,"(0, 7, 1, 2)",0.8175
,,"(0, 7, 1, 3)",0.8225
,,"(0, 7, 1, 4)",0.825
,,"(0, 7, 1, 5)",0.825
,,"(0, 7, 1, 6)",0.825
,,"(0, 7, 1, 7)",0.83
,,"(0, 7, 2, 0)",0.81
,,"(0, 7, 2, 1)",0.8175
,,"(0, 7, 2, 2)",0.8225
,,"(0, 7, 2, 3)",0.825
,,"(0, 7, 2, 4)",0.825
,,"(0, 7, 2, 5)",0.825
,,"(0, 7, 2, 6)",0.83
,,"(0, 7, 2, 7)",0.83
,,"(0, 7, 3, 0)",0.8175
,,"(0, 7, 3, 1)",0.8225
,,"(0, 7, 3, 2)",0.825
,,"(0, 7, 3, 3)",0.825
,,"(0, 7, 3, 4)",0.825
,,"(0, 7, 3, 5)",0.83
,,"(0, 7, 3, 6)",0.83
,,"(0, 7, 3, 7)",0.8275
,,"(0, 7, 4, 0)",0.8225
,,"(0, 7, 4, 1)",0.825
,,"(0, 7, 4, 2)",0.825
,,"(0, 7, 4, 3)",0.825
,,"(0, 7, 4, 4)",0.83
,,"(0, 7, 4, 5)",0.83
,,"(0, 7, 4, 6)",0.8275
,,"(0, 7, 4, 7)",0.83
,,"(0, 7, 5, 0)",0.825
,,"(0, 7, 5, 1)",0.825
,,"(0, 7, 5, 2)",0.825
,,"(0, 7, 5, 3)",0.83
,,"(0, 7, 5, 4)",0.83
,,"(0, 7, 5, 5)",0.8275
,,"(0, 7, 5, 6)",0.83
,,"(0, 7, 5, 7)",0.83
,,"(0, 7, 6, 0)",0.825
,,"(0, 7, 6, 1)",0.825
,,"(0, 7, 6, 2)",0.83
,,"(0, 7, 6, 3)",0.83
,,"(0, 7, 6, 4)",0.8275
,,"(0, 7, 6, 5)",0.83
,,"(0, 7, 6, 6)",0.83
,,"(0, 7, 6, 7)",0.8325
,,"(0, 7, 7, 0)",0.825
,,"(0, 7, 7, 1)",0.83
,,"(0, 7, 7, 2)",0.83
,,"(0, 7, 7, 3)",0.8275
,,"(0, 7, 7, 4)",0.83
,,"(0, 7, 7, 5)",0.83
,,"(0, 7, 7, 6)",0.8325
,,"(0, 7, 7, 7)",0.8325
,,"(2, 0, 0, 0)",0.78
,,"(2, 0, 0, 1)",0.8175
,,"(2, 0, 0, 2)",0.81
,,"(2, 0, 0, 3)",0.805
,,"(2, 0, 0, 4)",0.7975
,,"(2, 0, 0, 5)",0.795
,,"(2, 0, 0, 6)",0.7975
,,"(2, 0, 0, 7)",0.8
,,"(2, 0, 1, 0)",0.8175
,,"(2, 0, 1, 1)",0.81
,,"(2, 0, 1, 2)",0.805
,,"(2, 0, 1, 3)",0.7975
,,"(2, 0, 1, 4)",0.795
,,"(2, 0, 1, 5)",0.7975
,,"(2, 0, 1, 6)",0.8
,,"(2, 0, 1, 7)",0.79
,,"(2, 0, 2, 0)",0.81
,,"(2, 0, 2, 1)",0.805
,,"(2, 0, 2, 2)",0.7975
,,"(2, 0, 2, 3)",0.795
,,"(2, 0, 2, 4)",0.7975
,,"(2, 0, 2, 5)",0.8
,,"(2, 0, 2, 6)",0.79
,,"(2, 0, 2, 7)",0.7975
,,"(2, 0, 3, 0)",0.805
,,"(2, 0, 3, 1)",0.7975
,,"(2, 0, 3, 2)",0.795
,,"(2, 0, 3, 3)",0.7975
,,"(2, 0, 3, 4)",0.8
,,"(2, 0, 3, 5)",0.79
,,"(2, 0, 3, 6)",0.7975
,,"(2, 0, 3, 7)",0.78
,,"(2, 0, 4, 0)",0.7975
,,"(2, 0, 4, 1)",0.795
,,"(2, 0, 4, 2)",0.7975
,,"(2, 0, 4, 3)",0.8
,,"(2, 0, 4, 4)",0.79
,,"(2, 0, 4, 5)",0.7975
,,"(2, 0, 4, 6)",0.78
,,"(2, 0, 4, 7)",0.785
,,"(2, 0, 5, 0)",0.795
,,"(2, 0, 5, 1)",0.7975
,,"(2, 0, 5, 2)",0.8
,,"(2, 0, 5, 3)",0.79
,,"(2, 0, 5, 4)",0.7975
,,"(2, 0, 5, 5)",0.78
,,"(2, 0, 5, 6)",0.785
,,"(2, 0, 5, 7)",0.785
,,"(2, 0, 6, 0)",0.7975
,,"(2, 0, 6, 1)",0.8
,,"(2, 0, 6, 2)",0.79
,,"(2, 0, 6, 3)",0.7975
,,"(2, 0, 6, 4)",0.78
,,"(2, 0, 6, 5)",0.785
,,"(2, 0, 6, 6)",0.785
,,"(2, 0, 6, 7)",0.785
,,"(2, 0, 7, 0)",0.8
,,"(2, 0, 7, 1)",0.79
,,"(2, 0, 7, 2)",0.7975
,,"(2, 0, 7, 3)",0.78
,,"(2, 0, 7, 4)",0.785
,,"(2, 0, 7, 5)",0.785
,,"(2, 0, 7, 6)",0.785
,,"(2, 0, 7, 7)",0.785
,,"(2, 1, 0, 0)",1.0
,,"(2, 1, 0, 1)",1.0
,,"(2, 1, 0, 2)",1.0
,,"(2, 1, 0, 3)",1.0
,,"(2, 1, 0, 4)",1.0
,,"(2, 1, 0, 5)",1.0
,,"(2, 1, 0, 6)",1.0
,,"(2, 1, 0, 7)",1.0
,,"(2, 1, 1, 0)",1.0
,,"(2, 1, 1, 1)",1.0
,,"(2, 1, 1, 2)",1.0
,,"(2, 1, 1, 3)",1.0
,,"(2, 1, 1, 4)",1.0
,,"(2, 1, 1, 5)",1.0
,,"(2, 1, 1, 6)",1.0
,,"(2, 1, 1, 7)",1.0
,,"(2, 1, 2, 0)",1.0
,,"(2, 1, 2, 1)",1.0
,,"(2, 1, 2, 2)",1.0
,,"(2, 1, 2, 3)",1.0
,,"(2, 1, 2, 4)",1.0
,,"(2, 1, 2, 5)",1.0
,,"(2, 1, 2, 6)",1.0
,,"(2, 1, 2, 7)",1.0
,,"(2, 1, 3, 0)",1.0
,,"(2, 1, 3, 1)",1.0
,,"(2, 1, 3, 2)",1.0
,,"(2, 1, 3, 3)",1.0
,,"(2, 1, 3, 4)",1.0
,,"(2, 1, 3, 5)",1.0
,,"(2, 1, 3, 6)",1.0
,,"(2, 1, 3, 7)",1.0
,,"(2, 1, 4, 0)",1.0
,,"(2, 1, 4, 1)",1.0
,,"(2, 1, 4, 2)",1.0
,,"(2, 1, 4, 3)",1.0
,,"(2, 1, 4, 4)",1.0
,,"(2, 1, 4, 5)",1.0
,,"(2, 1, 4, 6)",1.0
,,"(2, 1, 4, 7)",1.0
,,"(2, 1, 5, 0)",1.0
,,"(2, 1, 5, 1)",1.0
,,"(2, 1, 5, 2)",1.0
,,"(2, 1, 5, 3)",1.0
,,"(2, 1, 5, 4)",1.0
,,"(2, 1, 5, 5)",1.0
,,"(2, 1, 5, 6)",1.0
,,"(2, 1, 5, 7)",1.0
,,"(2, 1, 6, 0)",1.0
,,"(2, 1, 6, 1)",1.0
,,"(2, 1, 6, 2)",1.0
,,"(2, 1, 6, 3)",1.0
,,"(2, 1, 6, 4)",1.0
,,"(2, 1, 6, 5)",1.0
,,"(2, 1, 6, 6)",1.0
,,"(2, 1, 6, 7)",1.0
,,"(2, 1, 7, 0)",1.0
,,"(2, 1, 7, 1)",1.0
,,"(2, 1, 7, 2)",1.0
,,"(2, 1, 7, 3)",1.0
,,"(2, 1, 7, 4)",1.0
,,"(2, 1, 7, 5)",1.0
,,"(2, 1, 7, 6)",1.0
,,"(2, 1, 7, 7)",1.0
,,"(2, 2, 0, 0)",1.0
,,"(2, 2, 0, 1)",1.0
,,"(2, 2, 0, 2)",1.0
,,"(2, 2, 0, 3)",1.0
,,"(2, 2, 0, 4)",1.0
,,"(2, 2, 0, 5)",1.0
,,"(2, 2, 0, 6)",1.0
,,"(2, 2, 0, 7)",1.0
,,"(2, 2, 1, 0)",1.0
,,"(2, 2, 1, 1)",1.0
,,"(2, 2, 1, 2)",1.0
,,"(2, 2, 1, 3)",1.0
,,"(2, 2, 1, 4)",1.0
,,"(2, 2, 1, 5)",1.0
,,"(2, 2, 1, 6)",1.0
,,"(2, 2, 1, 7)",1.0
,,"(2, 2, 2, 0)",1.0
,,"(2, 2, 2, 1)",1.0
,,"(2, 2, 2, 2)",1.0
,,"(2, 2, 2, 3)",1.0
,,"(2, 2, 2, 4)",1.0
,,"(2, 2, 2, 5)",1.0
,,"(2, 2, 2, 6)",1.0
,,"(2, 2, 2, 7)",1.0
,,"(2, 2, 3, 0)",1.0
,,"(2, 2, 3, 1)",1.0
,,"(2, 2, 3, 2)",1.0
,,"(2, 2, 3, 3)",1.0
,,"(2, 2, 3, 4)",1.0
,,"(2, 2, 3, 5)",1.0
,,"(2, 2, 3, 6)",1.0
,,"(2, 2, 3, 7)",1.0
,,"(2, 2, 4, 0)",1.0
,,"(2, 2, 4, 1)",1.0
,,"(2, 2, 4, 2)",1.0
,,"(2, 2, 4, 3)",1.0
,,"(2, 2, 4, 4)",1.0
,,"(2, 2, 4, 5)",1.0
,,"(2, 2, 4, 6)",1.0
,,"(2, 2, 4, 7)",1.0
,,"(2, 2, 5, 0)",1.0
,,"(2, 2, 5, 1)",1.0
,,"(2, 2, 5, 2)",1.0
,,"(2, 2, 5, 3)",1.0
,,"(2, 2, 5, 4)",1.0
,,"(2, 2, 5, 5)",1.0
,,"(2, 2, 5, 6)",1.0
,,"(2, 2, 5, 7)",1.0
,,"(2, 2, 6, 0)",1.0
,,"(2, 2, 6, 1)",1.0
,,"(2, 2, 6, 2)",1.0
,,"(2, 2, 6, 3)",1.0
,,"(2, 2, 6, 4)",1.0
,,"(2, 2, 6, 5)",1.0
,,"(2, 2, 6, 6)",1.0
,,"(2, 2, 6, 7)",1.0
,,"(2, 2, 7, 0)",1.0
,,"(2, 2, 7, 1)",1.0
,,"(2, 2, 7, 2)",1.0
,,"(2, 2, 7, 3)",1.0
,,"(2, 2, 7, 4)",1.0
,,"(2, 2, 7, 5)",1.0
,,"(2, 2, 7, 6)",1.0
,,"(2, 2, 7, 7)",1.0
,,"(2, 3, 0, 0)",1.0
,,"(2, 3, 0, 1)",1.0
,,"(2, 3, 0, 2)",1.0
,,"(2, 3, 0, 3)",1.0
,,"(2, 3, 0, 4)",1.0
,,"(2, 3, 0, 5)",1.0
,,"(2, 3, 0, 6)",1.0
,,"(2, 3, 0, 7)",1.0
,,"(2, 3, 1, 0)",1.0
,,"(2, 3, 1, 1)",1.0
,,"(2, 3, 1, 2)",1.0
,,"(2, 3, 1, 3)",1.0
,,"(2, 3, 1, 4)",1.0
,,"(2, 3, 1, 5)",1.0
,,"(2, 3, 1, 6)",1.0
,,"(2, 3, 1, 7)",1.0
,,"(2, 3, 2, 0)",1.0
,,"(2, 3, 2, 1)",1.0
,,"(2, 3, 2, 2)",1.0
,,"(2, 3, 2, 3)",1.0
,,"(2, 3, 2, 4)",1.0
,,"(2, 3, 2, 5)",1.0
,,"(2, 3, 2, 6)",1.0
,,"(2, 3, 2, 7)",1.0
,,"(2, 3, 3, 0)",1.0
,,"(2, 3, 3, 1)",1.0
,,"(2, 3, 3, 2)",1.0
,,"(2, 3, 3, 3)",1.0
,,"(2, 3, 3, 4)",1.0
,,"(2, 3, 3, 5)",1.0
,,"(2, 3, 3, 6)",1.0
,,"(2, 3, 3, 7)",1.0
,,"(2, 3, 4, 0)",1.0
,,"(2, 3, 4, 1)",1.0
,,"(2, 3, 4, 2)",1.0
,,"(2, 3, 4, 3)",1.0
,,"(2, 3, 4, 4)",1.0
,,"(2, 3, 4, 5)",1.0
,,"(2, 3, 4, 6)",1.0
,,"(2, 3, 4, 7)",1.0
,,"(2, 3, 5, 0)",1.0
,,"(2, 3, 5, 1)",1.0
,,"(2, 3, 5, 2)",1.0
,,"(2, 3, 5, 3)",1.0
,,"(2, 3, 5, 4)",1.0
,,"(2, 3, 5, 5)",1.0
,,"(2, 3, 5, 6)",1.0
,,"(2, 3, 5, 7)",1.0
,,"(2, 3, 6, 0)",1.0
,,"(2, 3, 6, 1)",1.0
,,"(2, 3, 6, 2)",1.0
,,"(2, 3, 6, 3)",1.0
,,"(2, 3, 6, 4)",1.0
,,"(2, 3, 6, 5)",1.0
,,"(2, 3, 6, 6)",1.0
,,"(2, 3, 6, 7)",1.0
,,"(2, 3, 7, 0)",1.0
,,"(2, 3, 7, 1)",1.0
,,"(2, 3, 7, 2)",1.0
,,"(2, 3, 7, 3)",1.0
,,"(2, 3, 7, 4)",1.0
,,"(2, 3, 7, 5)",1.0
,,"(2, 3, 7, 6)",1.0
,,"(2, 3, 7, 7)",1.0
,,"(2, 4, 0, 0)",1.0
,,"(2, 4, 0, 1)",1.0
,,"(2, 4, 0, 2)",1.0
,,"(2, 4, 0, 3)",1.0
,,"(2, 4, 0, 4)",1.0
,,"(2, 4, 0, 5)",1.0
,,"(2, 4, 0, 6)",1.0
,,"(2, 4, 0, 7)",1.0
,,"(2, 4, 1, 0)",1.0
,,"(2, 4, 1, 1)",1.0
,,"(2, 4, 1, 2)",1.0
,,"(2, 4, 1, 3)",1.0
,,"(2, 4, 1, 4)",1.0
,,"(2, 4, 1, 5)",1.0
,,"(2, 4, 1, 6)",1.0
,,"(2, 4, 1, 7)",1.0
,,"(2, 4, 2, 0)",1.0
,,"(2, 4, 2, 1)",1.0
,,"(2, 4, 2, 2)",1.0
,,"(2, 4, 2, 3)",1.0
,,"(2, 4, 2, 4)",1.0
,,"(2, 4, 2, 5)",1.0
,,"(2, 4, 2, 6)",1.0
,,"(2, 4, 2, 7)",1.0
,,"(2, 4, 3, 0)",1.0
,,"(2, 4, 3, 1)",1.0
,,"(2, 4, 3, 2)",1.0
,,"(2, 4, 3, 3)",1.0
,,"(2, 4, 3, 4)",1.0
,,"(2, 4, 3, 5)",1.0
,,"(2, 4, 3, 6)",1.0
,,"(2, 4, 3, 7)",1.0
,,"(2, 4, 4, 0)",1.0
,,"(2, 4, 4, 1)",1.0
,,"(2, 4, 4, 2)",1.0
,,"(2, 4, 4, 3)",1.0
,,"(2, 4, 4, 4)",1.0
,,"(2, 4, 4, 5)",1.0
,,"(2, 4, 4, 6)",1.0
,,"(2, 4, 4, 7)",1.0
,,"(2, 4, 5, 0)",1.0
,,"(2, 4, 5, 1)",1.0
,,"(2, 4, 5, 2)",1.0
,,"(2, 4, 5, 3)",1.0
,,"(2, 4, 5, 4)",1.0
,,"(2, 4, 5, 5)",1.0
,,"(2, 4, 5, 6)",1.0
,,"(2, 4, 5, 7)",1.0
,,"(2, 4, 6, 0)",1.0
,,"(2, 4, 6, 1)",1.0
,,"(2, 4, 6, 2)",1.0
,,"(2, 4, 6, 3)",1.0
,,"(2, 4, 6, 4)",1.0
,,"(2, 4, 6, 5)",1.0
,,"(2, 4, 6, 6)",1.0
,,"(2, 4, 6, 7)",1.0
,,"(2, 4, 7, 0)",1.0
,,"(2, 4, 7, 1)",1.0
,,"(2, 4, 7, 2)",1.0
,,"(2, 4, 7, 3)",1.0
,,"(2, 4, 7, 4)",1.0
,,"(2, 4, 7, 5)",1.0
,,"(2, 4, 7, 6)",1.0
,,"(2, 4, 7, 7)",1.0
,,"(2, 5, 0, 0)",1.0
,,"(2, 5, 0, 1)",1.0
,,"(2, 5, 0, 2)",1.0
,,"(2, 5, 0, 3)",1.0
,,"(2, 5, 0, 4)",1.0
,,"(2, 5, 0, 5)",1.0
,,"(2, 5, 0, 6)",1.0
,,"(2, 5, 0, 7)",1.0
,,"(2, 5, 1, 0)",1.0
,,"(2, 5, 1, 1)",1.0
,,"(2, 5, 1, 2)",1.0
,,"(2, 5, 1, 3)",1.0
,,"(2, 5, 1, 4)",1.0
,,"(2, 5, 1, 5)",1.0
,,"(2, 5, 1, 6)",1.0
,,"(2, 5, 1, 7)",1.0
,,"(2, 5, 2, 0)",1.0
,,"(2, 5, 2, 1)",1.0
,,"(2, 5, 2, 2)",1.0
,,"(2, 5, 2, 3)",1.0
,,"(2, 5, 2, 4)",1.0
,,"(2, 5, 2, 5)",1.0
,,"(2, 5, 2, 6)",1.0
,,"(2, 5, 2, 7)",1.0
,,"(2, 5, 3, 0)",1.0
,,"(2, 5, 3, 1)",1.0
,,"(2, 5, 3, 2)",1.0
,,"(2, 5, 3, 3)",1.0
,,"(2, 5, 3, 4)",1.0
,,"(2, 5, 3, 5)",1.0
,,"(2, 5, 3, 6)",1.0
,,"(2, 5, 3, 7)",1.0
,,"(2, 5, 4, 0)",1.0
,,"(2, 5, 4, 1)",1.0
,,"(2, 5, 4, 2)",1.0
,,"(2, 5, 4, 3)",1.0
,,"(2, 5, 4, 4)",1.0
,,"(2, 5, 4, 5)",1.0
,,"(2, 5, 4, 6)",1.0
,,"(2, 5, 4, 7)",1.0
,,"(2, 5, 5, 0)",1.0
,,"(2, 5, 5, 1)",1.0
,,"(2, 5, 5, 2)",1.0
,,"(2, 5, 5, 3)",1.0
,,"(2, 5, 5, 4)",1.0
,,"(2, 5, 5, 5)",1.0
,,"(2, 5, 5, 6)",1.0
,,"(2, 5, 5, 7)",1.0
,,"(2, 5, 6, 0)",1.0
,,"(2, 5, 6, 1)",1.0
,,"(2, 5, 6, 2)",1.0
,,"(2, 5, 6, 3)",1.0
,,"(2, 5, 6, 4)",1.0
,,"(2, 5, 6, 5)",1.0
,,"(2, 5, 6, 6)",1.0
,,"(2, 5, 6, 7)",1.0
,,"(2, 5, 7, 0)",1.0
,,"(2, 5, 7, 1)",1.0
,,"(2, 5, 7, 2)",1.0
,,"(2, 5, 7, 3)",1.0
,,"(2, 5, 7, 4)",1.0
,,"(2, 5, 7, 5)",1.0
,,"(2, 5, 7, 6)",1.0
,,"(2, 5, 7, 7)",1.0
,,"(2, 6, 0, 0)",1.0
,,"(2, 6, 0, 1)",1.0
,,"(2, 6, 0, 2)",1.0
,,"(2, 6, 0, 3)",1.0
,,"(2, 6, 0, 4)",1.0
,,"(2, 6, 0, 5)",1.0
,,"(2, 6, 0, 6)",1.0
,,"(2, 6, 0, 7)",1.0
,,"(2, 6, 1, 0)",1.0
,,"(2, 6, 1, 1)",1.0
,,"(2, 6, 1, 2)",1.0
,,"(2, 6, 1, 3)",1.0
,,"(2, 6, 1, 4)",1.0
,,"(2, 6, 1, 5)",1.0
,,"(2, 6, 1, 6)",1.0
,,"(2, 6, 1, 7)",1.0
,,"(2, 6, 2, 0)",1.0
,,"(2, 6, 2, 1)",1.0
,,"(2, 6, 2, 2)",1.0
,,"(2, 6, 2, 3)",1.0
,,"(2, 6, 2, 4)",1.0
,,"(2, 6, 2, 5)",1.0
,,"(2, 6, 2, 6)",1.0
,,"(2, 6, 2, 7)",1.0
,,"(2, 6, 3, 0)",1.0
,,"(2, 6, 3, 1)",1.0
,,"(2, 6, 3, 2)",1.0
,,"(2, 6, 3, 3)",1.0
,,"(2, 6, 3, 4)",1.0
,,"(2, 6, 3, 5)",1.0
,,"(2, 6, 3, 6)",1.0
,,"(2, 6, 3, 7)",1.0
,,"(2, 6, 4, 0)",1.0
,,"(2, 6, 4, 1)",1.0
,,"(2, 6, 4, 2)",1.0
,,"(2, 6, 4, 3)",1.0
,,"(2, 6, 4, 4)",1.0
,,"(2, 6, 4, 5)",1.0
,,"(2, 6, 4, 6)",1.0
,,"(2, 6, 4, 7)",1.0
,,"(2, 6, 5, 0)",1.0
,,"(2, 6, 5, 1)",1.0
,,"(2, 6, 5, 2)",1.0
,,"(2, 6, 5, 3)",1.0
,,"(2, 6, 5, 4)",1.0
,,"(2, 6, 5, 5)",1.0
,,"(2, 6, 5, 6)",1.0
,,"(2, 6, 5, 7)",1.0
,,"(2, 6, 6, 0)",1.0
,,"(2, 6, 6, 1)",1.0
,,"(2, 6, 6, 2)",1.0
,,"(2, 6, 6, 3)",1.0
,,"(2, 6, 6, 4)",1.0
,,"(2, 6, 6, 5)",1.0
,,"(2, 6, 6, 6)",1.0
,,"(2, 6, 6, 7)",1.0
,,"(2, 6, 7, 0)",1.0
,,"(2, 6, 7, 1)",1.0
,,"(2, 6, 7, 2)",1.0
,,"(2, 6, 7, 3)",1.0
,,"(2, 6, 7, 4)",1.0
,,"(2, 6, 7, 5)",1.0
,,"(2, 6, 7, 6)",1.0
,,"(2, 6, 7, 7)",1.0
,,"(2, 7, 0, 0)",1.0
,,"(2, 7, 0, 1)",1.0
,,"(2, 7, 0, 2)",1.0
,,"(2, 7, 0, 3)",1.0
,,"(2, 7, 0, 4)",1.0
,,"(2, 7, 0, 5)",1.0
,,"(2, 7, 0, 6)",1.0
,,"(2, 7, 0, 7)",1.0
,,"(2, 7, 1, 0)",1.0
,,"(2, 7, 1, 1)",1.0
,,"(2, 7, 1, 2)",1.0
,,"(2, 7, 1, 3)",1.0
,,"(2, 7, 1, 4)",1.0
,,"(2, 7, 1, 5)",1.0
,,"(2, 7, 1, 6)",1.0
,,"(2, 7, 1, 7)",1.0
,,"(2, 7, 2, 0)",1.0
,,"(2, 7, 2, 1)",1.0
,,"(2, 7, 2, 2)",1.0
,,"(2, 7, 2, 3)",1.0
,,"(2, 7, 2, 4)",1.0
,,"(2, 7, 2, 5)",1.0
,,"(2, 7, 2, 6)",1.0
,,"(2, 7, 2, 7)",1.0
,,"(2, 7, 3, 0)",1.0
,,"(2, 7, 3, 1)",1.0
,,"(2, 7, 3, 2)",1.0
,,"(2, 7, 3, 3)",1.0
,,"(2, 7, 3, 4)",1.0
,,"(2, 7, 3, 5)",1.0
,,"(2, 7, 3, 6)",1.0
,,"(2, 7, 3, 7)",1.0
,,"(2, 7, 4, 0)",1.0
,,"(2, 7, 4, 1)",1.0
,,"(2, 7, 4, 2)",1.0
,,"(2, 7, 4, 3)",1.0
,,"(2, 7, 4, 4)",1.0
,,"(2, 7, 4, 5)",1.0
,,"(2, 7, 4, 6)",1.0
,,"(2, 7, 4, 7)",1.0
,,"(2, 7, 5, 0)",1.0
,,"(2, 7, 5, 1)",1.0
,,"(2, 7, 5, 2)",1.0
,,"(2, 7, 5, 3)",1.0
,,"(2, 7, 5, 4)",1.0
,,"(2, 7, 5, 5)",1.0
,,"(2, 7, 5, 6)",1.0
,,"(2, 7, 5, 7)",1.0
,,"(2, 7, 6, 0)",1.0
,,"(2, 7, 6, 1)",1.0
,,"(2, 7, 6, 2)",1.0
,,"(2, 7, 6, 3)",1.0
,,"(2, 7, 6, 4)",1.0
,,"(2, 7, 6, 5)",1.0
,,"(2, 7, 6, 6)",1.0
,,"(2, 7, 6, 7)",1.0
,,"(2, 7, 7, 0)",1.0
,,"(2, 7, 7, 1)",1.0
,,"(2, 7, 7, 2)",1.0
,,"(2, 7, 7, 3)",1.0
,,"(2, 7, 7, 4)",1.0
,,"(2, 7, 7, 5)",1.0
,,"(2, 7, 7, 6)",1.0
,,"(2, 7, 7, 7)",1.0
,,"(3, 0, 0, 0)",0.78
,,"(3, 0, 0, 1)",0.8225
,,"(3, 0, 0, 2)",0.8125
,,"(3, 0, 0, 3)",0.81
,,"(3, 0, 0, 4)",0.8125
,,"(3, 0, 0, 5)",0.8
,,"(3, 0, 0, 6)",0.7975
,,"(3, 0, 0, 7)",0.7975
,,"(3, 0, 1, 0)",0.8225
,,"(3, 0, 1, 1)",0.8125
,,"(3, 0, 1, 2)",0.81
,,"(3, 0, 1, 3)",0.8125
,,"(3, 0, 1, 4)",0.8
,,"(3, 0, 1, 5)",0.7975
,,"(3, 0, 1, 6)",0.7975
,,"(3, 0, 1, 7)",0.7975
,,"(3, 0, 2, 0)",0.8125
,,"(3, 0, 2, 1)",0.81
,,"(3, 0, 2, 2)",0.8125
,,"(3, 0, 2, 3)",0.8
,,"(3, 0, 2, 4)",0.7975
,,"(3, 0, 2, 5)",0.7975
,,"(3, 0, 2, 6)",0.7975
,,"(3, 0, 2, 7)",0.7975
,,"(3, 0, 3, 0)",0.81
,,"(3, 0, 3, 1)",0.8125
,,"(3, 0, 3, 2)",0.8
,,"(3, 0, 3, 3)",0.7975
,,"(3, 0, 3, 4)",0.7975
,,"(3, 0, 3, 5)",0.7975
,,"(3, 0, 3, 6)",0.7975
,,"(3, 0, 3, 7)",0.7925
,,"(3, 0, 4, 0)",0.8125
,,"(3, 0, 4, 1)",0.8
,,"(3, 0, 4, 2)",0.7975
,,"(3, 0, 4, 3)",0.7975
,,"(3, 0, 4, 4)",0.7975
,,"(3, 0, 4, 5)",0.7975
,,"(3, 0, 4, 6)",0.7925
,,"(3, 0, 4, 7)",0.7975
,,"(3, 0, 5, 0)",0.8
,,"(3, 0, 5, 1)",0.7975
,,"(3, 0, 5, 2)",0.7975
,,"(3, 0, 5, 3)",0.7975
,,"(3, 0, 5, 4)",0.7975
,,"(3, 0, 5, 5)",0.7925
,,"(3, 0, 5, 6)",0.7975
,,"(3, 0, 5, 7)",0.79
,,"(3, 0, 6, 0)",0.7975
,,"(3, 0, 6, 1)",0.7975
,,"(3, 0, 6, 2)",0.7975
,,"(3, 0, 6, 3)",0.7975
,,"(3, 0, 6, 4)",0.7925
,,"(3, 0, 6, 5)",0.7975
,,"(3, 0, 6, 6)",0.79
,,"(3, 0, 6, 7)",0.795
,,"(3, 0, 7, 0)",0.7975
,,"(3, 0, 7, 1)",0.7975
,,"(3, 0, 7, 2)",0.7975
,,"(3, 0, 7, 3)",0.7925
,,"(3, 0, 7, 4)",0.7975
,,"(3, 0, 7, 5)",0.79
,,"(3, 0, 7, 6)",0.795
,,"(3, 0, 7, 7)",0.7925
,,"(3, 1, 0, 0)",1.0
,,"(3, 1, 0, 1)",1.0
,,"(3, 1, 0, 2)",1.0
,,"(3, 1, 0, 3)",1.0
,,"(3, 1, 0, 4)",1.0
,,"(3, 1, 0, 5)",1.0
,,"(3, 1, 0, 6)",1.0
,,"(3, 1, 0, 7)",1.0
,,"(3, 1, 1, 0)",1.0
,,"(3, 1, 1, 1)",1.0
,,"(3, 1, 1, 2)",1.0
,,"(3, 1, 1, 3)",1.0
,,"(3, 1, 1, 4)",1.0
,,"(3, 1, 1, 5)",1.0
,,"(3, 1, 1, 6)",1.0
,,"(3, 1, 1, 7)",1.0
,,"(3, 1, 2, 0)",1.0
,,"(3, 1, 2, 1)",1.0
,,"(3, 1, 2, 2)",1.0
,,"(3, 1, 2, 3)",1.0
,,"(3, 1, 2, 4)",1.0
,,"(3, 1, 2, 5)",1.0
,,"(3, 1, 2, 6)",1.0
,,"(3, 1, 2, 7)",1.0
,,"(3, 1, 3, 0)",1.0
,,"(3, 1, 3, 1)",1.0
,,"(3, 1, 3, 2)",1.0
,,"(3, 1, 3, 3)",1.0
,,"(3, 1, 3, 4)",1.0
,,"(3, 1, 3, 5)",1.0
,,"(3, 1, 3, 6)",1.0
,,"(3, 1, 3, 7)",1.0
,,"(3, 1, 4, 0)",1.0
,,"(3, 1, 4, 1)",1.0
,,"(3, 1, 4, 2)",1.0
,,"(3, 1, 4, 3)",1.0
,,"(3, 1, 4, 4)",1.0
,,"(3, 1, 4, 5)",1.0
,,"(3, 1, 4, 6)",1.0
,,"(3, 1, 4, 7)",1.0
,,"(3, 1, 5, 0)",1.0
,,"(3, 1, 5, 1)",1.0
,,"(3, 1, 5, 2)",1.0
,,"(3, 1, 5, 3)",1.0
,,"(3, 1, 5, 4)",1.0
,,"(3, 1, 5, 5)",1.0
,,"(3, 1, 5, 6)",1.0
,,"(3, 1, 5, 7)",1.0
,,"(3, 1, 6, 0)",1.0
,,"(3, 1, 6, 1)",1.0
,,"(3, 1, 6, 2)",1.0
,,"(3, 1, 6, 3)",1.0
,,"(3, 1, 6, 4)",1.0
,,"(3, 1, 6, 5)",1.0
,,"(3, 1, 6, 6)",1.0
,,"(3, 1, 6, 7)",1.0
,,"(3, 1, 7, 0)",1.0
,,"(3, 1, 7, 1)",1.0
,,"(3, 1, 7, 2)",1.0
,,"(3, 1, 7, 3)",1.0
,,"(3, 1, 7, 4)",1.0
,,"(3, 1, 7, 5)",1.0
,,"(3, 1, 7, 6)",1.0
,,"(3, 1, 7, 7)",1.0
,,"(3, 2, 0, 0)",1.0
,,"(3, 2, 0, 1)",1.0
,,"(3, 2, 0, 2)",1.0
,,"(3, 2, 0, 3)",1.0
,,"(3, 2, 0, 4)",1.0
,,"(3, 2, 0, 5)",1.0
,,"(3, 2, 0, 6)",1.0
,,"(3, 2, 0, 7)",1.0
,,"(3, 2, 1, 0)",1.0
,,"(3, 2, 1, 1)",1.0
,,"(3, 2, 1, 2)",1.0
,,"(3, 2, 1, 3)",1.0
,,"(3, 2, 1, 4)",1.0
,,"(3, 2, 1, 5)",1.0
,,"(3, 2, 1, 6)",1.0
,,"(3, 2, 1, 7)",1.0
,,"(3, 2, 2, 0)",1.0
,,"(3, 2, 2, 1)",1.0
,,"(3, 2, 2, 2)",1.0
,,"(3, 2, 2, 3)",1.0
,,"(3, 2, 2, 4)",1.0
,,"(3, 2, 2, 5)",1.0
,,"(3, 2, 2, 6)",1.0
,,"(3, 2, 2, 7)",1.0
,,"(3, 2, 3, 0)",1.0
,,"(3, 2, 3, 1)",1.0
,,"(3, 2, 3, 2)",1.0
,,"(3, 2, 3, 3)",1.0
,,"(3, 2, 3, 4)",1.0
,,"(3, 2, 3, 5)",1.0
,,"(3, 2, 3, 6)",1.0
,,"(3, 2, 3, 7)",1.0
,,"(3, 2, 4, 0)",1.0
,,"(3, 2, 4, 1)",1.0
,,"(3, 2, 4, 2)",1.0
,,"(3, 2, 4, 3)",1.0
,,"(3, 2, 4, 4)",1.0
,,"(3, 2, 4, 5)",1.0
,,"(3, 2, 4, 6)",1.0
,,"(3, 2, 4, 7)",1.0
,,"(3, 2, 5, 0)",1.0
,,"(3, 2, 5, 1)",1.0
,,"(3, 2, 5, 2)",1.0
,,"(3, 2, 5, 3)",1.0
,,"(3, 2, 5, 4)",1.0
,,"(3, 2, 5, 5)",1.0
,,"(3, 2, 5, 6)",1.0
,,"(3, 2, 5, 7)",1.0
,,"(3, 2, 6, 0)",1.0
,,"(3, 2, 6, 1)",1.0
,,"(3, 2, 6, 2)",1.0
,,"(3, 2, 6, 3)",1.0
,,"(3, 2, 6, 4)",1.0
,,"(3, 2, 6, 5)",1.0
,,"(3, 2, 6, 6)",1.0
,,"(3, 2, 6, 7)",1.0
,,"(3, 2, 7, 0)",1.0
,,"(3, 2, 7, 1)",1.0
,,"(3, 2, 7, 2)",1.0
,,"(3, 2, 7, 3)",1.0
,,"(3, 2, 7, 4)",1.0
,,"(3, 2, 7, 5)",1.0
,,"(3, 2, 7, 6)",1.0
,,"(3, 2, 7, 7)",1.0
,,"(3, 3, 0, 0)",1.0
,,"(3, 3, 0, 1)",1.0
,,"(3, 3, 0, 2)",1.0
,,"(3, 3, 0, 3)",1.0
,,"(3, 3, 0, 4)",1.0
,,"(3, 3, 0, 5)",1.0
,,"(3, 3, 0, 6)",1.0
,,"(3, 3, 0, 7)",1.0
,,"(3, 3, 1, 0)",1.0
,,"(3, 3, 1, 1)",1.0
,,"(3, 3, 1, 2)",1.0
,,"(3, 3, 1, 3)",1.0
,,"(3, 3, 1, 4)",1.0
,,"(3, 3, 1, 5)",1.0
,,"(3, 3, 1, 6)",1.0
,,"(3, 3, 1, 7)",1.0
,,"(3, 3, 2, 0)",1.0
,,"(3, 3, 2, 1)",1.0
,,"(3, 3, 2, 2)",1.0
,,"(3, 3, 2, 3)",1.0
,,"(3, 3, 2, 4)",1.0
,,"(3, 3, 2, 5)",1.0
,,"(3, 3, 2, 6)",1.0
,,"(3, 3, 2, 7)",1.0
,,"(3, 3, 3, 0)",1.0
,,"(3, 3, 3, 1)",1.0
,,"(3, 3, 3, 2)",1.0
,,"(3, 3, 3, 3)",1.0
,,"(3, 3, 3, 4)",1.0
,,"(3, 3, 3, 5)",1.0
,,"(3, 3, 3, 6)",1.0
,,"(3, 3, 3, 7)",1.0
,,"(3, 3, 4, 0)",1.0
,,"(3, 3, 4, 1)",1.0
,,"(3, 3, 4, 2)",1.0
,,"(3, 3, 4, 3)",1.0
,,"(3, 3, 4, 4)",1.0
,,"(3, 3, 4, 5)",1.0
,,"(3, 3, 4, 6)",1.0
,,"(3, 3, 4, 7)",1.0
,,"(3, 3, 5, 0)",1.0
,,"(3, 3, 5, 1)",1.0
,,"(3, 3, 5, 2)",1.0
,,"(3, 3, 5, 3)",1.0
,,"(3, 3, 5, 4)",1.0
,,"(3, 3, 5, 5)",1.0
,,"(3, 3, 5, 6)",1.0
,,"(3, 3, 5, 7)",1.0
,,"(3, 3, 6, 0)",1.0
,,"(3, 3, 6, 1)",1.0
,,"(3, 3, 6, 2)",1.0
,,"(3, 3, 6, 3)",1.0
,,"(3, 3, 6, 4)",1.0
,,"(3, 3, 6, 5)",1.0
,,"(3, 3, 6, 6)",1.0
,,"(3, 3, 6, 7)",1.0
,,"(3, 3, 7, 0)",1.0
,,"(3, 3, 7, 1)",1.0
,,"(3, 3, 7, 2)",1.0
,,"(3, 3, 7, 3)",1.0
,,"(3, 3, 7, 4)",1.0
,,"(3, 3, 7, 5)",1.0
,,"(3, 3, 7, 6)",1.0
,,"(3, 3, 7, 7)",1.0
,,"(3, 4, 0, 0)",1.0
,,"(3, 4, 0, 1)",1.0
,,"(3, 4, 0, 2)",1.0
,,"(3, 4, 0, 3)",1.0
,,"(3, 4, 0, 4)",1.0
,,"(3, 4, 0, 5)",1.0
,,"(3, 4, 0, 6)",1.0
,,"(3, 4, 0, 7)",1.0
,,"(3, 4, 1, 0)",1.0
,,"(3, 4, 1, 1)",1.0
,,"(3, 4, 1, 2)",1.0
,,"(3, 4, 1, 3)",1.0
,,"(3, 4, 1, 4)",1.0
,,"(3, 4, 1, 5)",1.0
,,"(3, 4, 1, 6)",1.0
,,"(3, 4, 1, 7)",1.0
,,"(3, 4, 2, 0)",1.0
,,"(3, 4, 2, 1)",1.0
,,"(3, 4, 2, 2)",1.0
,,"(3, 4, 2, 3)",1.0
,,"(3, 4, 2, 4)",1.0
,,"(3, 4, 2, 5)",1.0
,,"(3, 4, 2, 6)",1.0
,,"(3, 4, 2, 7)",1.0
,,"(3, 4, 3, 0)",1.0
,,"(3, 4, 3, 1)",1.0
,,"(3, 4, 3, 2)",1.0
,,"(3, 4, 3, 3)",1.0
,,"(3, 4, 3, 4)",1.0
,,"(3, 4, 3, 5)",1.0
,,"(3, 4, 3, 6)",1.0
,,"(3, 4, 3, 7)",1.0
,,"(3, 4, 4, 0)",1.0
,,"(3, 4, 4, 1)",1.0
,,"(3, 4, 4, 2)",1.0
,,"(3, 4, 4, 3)",1.0
,,"(3, 4, 4, 4)",1.0
,,"(3, 4, 4, 5)",1.0
,,"(3, 4, 4, 6)",1.0
,,"(3, 4, 4, 7)",1.0
,,"(3, 4, 5, 0)",1.0
,,"(3, 4, 5, 1)",1.0
,,"(3, 4, 5, 2)",1.0
,,"(3, 4, 5, 3)",1.0
,,"(3, 4, 5, 4)",1.0
,,"(3, 4, 5, 5)",1.0
,,"(3, 4, 5, 6)",1.0
,,"(3, 4, 5, 7)",1.0
,,"(3, 4, 6, 0)",1.0
,,"(3, 4, 6, 1)",1.0
,,"(3, 4, 6, 2)",1.0
,,"(3, 4, 6, 3)",1.0
,,"(3, 4, 6, 4)",1.0
,,"(3, 4, 6, 5)",1.0
,,"(3, 4, 6, 6)",1.0
,,"(3, 4, 6, 7)",1.0
,,"(3, 4, 7, 0)",1.0
,,"(3, 4, 7, 1)",1.0
,,"(3, 4, 7, 2)",1.0
,,"(3, 4, 7, 3)",1.0
,,"(3, 4, 7, 4)",1.0
,,"(3, 4, 7, 5)",1.0
,,"(3, 4, 7, 6)",1.0
,,"(3, 4, 7, 7)",1.0
,,"(3, 5, 0, 0)",1.0
,,"(3, 5, 0, 1)",1.0
,,"(3, 5, 0, 2)",1.0
,,"(3, 5, 0, 3)",1.0
,,"(3, 5, 0, 4)",1.0
,,"(3, 5, 0, 5)",1.0
,,"(3, 5, 0, 6)",1.0
,,"(3, 5, 0, 7)",1.0
,,"(3, 5, 1, 0)",1.0
,,"(3, 5, 1, 1)",1.0
,,"(3, 5, 1, 2)",1.0
,,"(3, 5, 1, 3)",1.0
,,"(3, 5, 1, 4)",1.0
,,"(3, 5, 1, 5)",1.0
,,"(3, 5, 1, 6)",1.0
,,"(3, 5, 1, 7)",1.0
,,"(3, 5, 2, 0)",1.0
,,"(3, 5, 2, 1)",1.0
,,"(3, 5, 2, 2)",1.0
,,"(3, 5, 2, 3)",1.0
,,"(3, 5, 2, 4)",1.0
,,"(3, 5, 2, 5)",1.0
,,"(3, 5, 2, 6)",1.0
,,"(3, 5, 2, 7)",1.0
,,"(3, 5, 3, 0)",1.0
,,"(3, 5, 3, 1)",1.0
,,"(3, 5, 3, 2)",1.0
,,"(3, 5, 3, 3)",1.0
,,"(3, 5, 3, 4)",1.0
,,"(3, 5, 3, 5)",1.0
,,"(3, 5, 3, 6)",1.0
,,"(3, 5, 3, 7)",1.0
,,"(3, 5, 4, 0)",1.0
,,"(3, 5, 4, 1)",1.0
,,"(3, 5, 4, 2)",1.0
,,"(3, 5, 4, 3)",1.0
,,"(3, 5, 4, 4)",1.0
,,"(3, 5, 4, 5)",1.0
,,"(3, 5, 4, 6)",1.0
,,"(3, 5, 4, 7)",1.0
,,"(3, 5, 5, 0)",1.0
,,"(3, 5, 5, 1)",1.0
,,"(3, 5, 5, 2)",1.0
,,"(3, 5, 5, 3)",1.0
,,"(3, 5, 5, 4)",1.0
,,"(3, 5, 5, 5)",1.0
,,"(3, 5, 5, 6)",1.0
,,"(3, 5, 5, 7)",1.0
,,"(3, 5, 6, 0)",1.0
,,"(3, 5, 6, 1)",1.0
,,"(3, 5, 6, 2)",1.0
,,"(3, 5, 6, 3)",1.0
,,"(3, 5, 6, 4)",1.0
,,"(3, 5, 6, 5)",1.0
,,"(3, 5, 6, 6)",1.0
,,"(3, 5, 6, 7)",1.0
,,"(3, 5, 7, 0)",1.0
,,"(3, 5, 7, 1)",1.0
,,"(3, 5, 7, 2)",1.0
,,"(3, 5, 7, 3)",1.0
,,"(3, 5, 7, 4)",1.0
,,"(3, 5, 7, 5)",1.0
,,"(3, 5, 7, 6)",1.0
,,"(3, 5, 7, 7)",1.0
,,"(3, 6, 0, 0)",1.0
,,"(3, 6, 0, 1)",1.0
,,"(3, 6, 0, 2)",1.0
,,"(3, 6, 0, 3)",1.0
,,"(3, 6, 0, 4)",1.0
,,"(3, 6, 0, 5)",1.0
,,"(3, 6, 0, 6)",1.0
,,"(3, 6, 0, 7)",1.0
,,"(3, 6, 1, 0)",1.0
,,"(3, 6, 1, 1)",1.0
,,"(3, 6, 1, 2)",1.0
,,"(3, 6, 1, 3)",1.0
,,"(3, 6, 1, 4)",1.0
,,"(3, 6, 1, 5)",1.0
,,"(3, 6, 1, 6)",1.0
,,"(3, 6, 1, 7)",1.0
,,"(3, 6, 2, 0)",1.0
,,"(3, 6, 2, 1)",1.0
,,"(3, 6, 2, 2)",1.0
,,"(3, 6, 2, 3)",1.0
,,"(3, 6, 2, 4)",1.0
,,"(3, 6, 2, 5)",1.0
,,"(3, 6, 2, 6)",1.0
,,"(3, 6, 2, 7)",1.0
,,"(3, 6, 3, 0)",1.0
,,"(3, 6, 3, 1)",1.0
,,"(3, 6, 3, 2)",1.0
,,"(3, 6, 3, 3)",1.0
,,"(3, 6, 3, 4)",1.0
,,"(3, 6, 3, 5)",1.0
,,"(3, 6, 3, 6)",1.0
,,"(3, 6, 3, 7)",1.0
,,"(3, 6, 4, 0)",1.0
,,"(3, 6, 4, 1)",1.0
,,"(3, 6, 4, 2)",1.0
,,"(3, 6, 4, 3)",1.0
,,"(3, 6, 4, 4)",1.0
,,"(3, 6, 4, 5)",1.0
,,"(3, 6, 4, 6)",1.0
,,"(3, 6, 4, 7)",1.0
,,"(3, 6, 5, 0)",1.0
,,"(3, 6, 5, 1)",1.0
,,"(3, 6, 5, 2)",1.0
,,"(3, 6, 5, 3)",1.0
,,"(3, 6, 5, 4)",1.0
,,"(3, 6, 5, 5)",1.0
,,"(3, 6, 5, 6)",1.0
,,"(3, 6, 5, 7)",1.0
,,"(3, 6, 6, 0)",1.0
,,"(3, 6, 6, 1)",1.0
,,"(3, 6, 6, 2)",1.0
,,"(3, 6, 6, 3)",1.0
,,"(3, 6, 6, 4)",1.0
,,"(3, 6, 6, 5)",1.0
,,"(3, 6, 6, 6)",1.0
,,"(3, 6, 6, 7)",1.0
,,"(3, 6, 7, 0)",1.0
,,"(3, 6, 7, 1)",1.0
,,"(3, 6, 7, 2)",1.0
,,"(3, 6, 7, 3)",1.0
,,"(3, 6, 7, 4)",1.0
,,"(3, 6, 7, 5)",1.0
,,"(3, 6, 7, 6)",1.0
,,"(3, 6, 7, 7)",1.0
,,"(3, 7, 0, 0)",1.0
,,"(3, 7, 0, 1)",1.0
,,"(3, 7, 0, 2)",1.0
,,"(3, 7, 0, 3)",1.0
,,"(3, 7, 0, 4)",1.0
,,"(3, 7, 0, 5)",1.0
,,"(3, 7, 0, 6)",1.0
,,"(3, 7, 0, 7)",1.0
,,"(3, 7, 1, 0)",1.0
,,"(3, 7, 1, 1)",1.0
,,"(3, 7, 1, 2)",1.0
,,"(3, 7, 1, 3)",1.0
,,"(3, 7, 1, 4)",1.0
,,"(3, 7, 1, 5)",1.0
,,"(3, 7, 1, 6)",1.0
,,"(3, 7, 1, 7)",1.0
,,"(3, 7, 2, 0)",1.0
,,"(3, 7, 2, 1)",1.0
,,"(3, 7, 2, 2)",1.0
,,"(3, 7, 2, 3)",1.0
,,"(3, 7, 2, 4)",1.0
,,"(3, 7, 2, 5)",1.0
,,"(3, 7, 2, 6)",1.0
,,"(3, 7, 2, 7)",1.0
,,"(3, 7, 3, 0)",1.0
,,"(3, 7, 3, 1)",1.0
,,"(3, 7, 3, 2)",1.0
,,"(3, 7, 3, 3)",1.0
,,"(3, 7, 3, 4)",1.0
,,"(3, 7, 3, 5)",1.0
,,"(3, 7, 3, 6)",1.0
,,"(3, 7, 3, 7)",1.0
,,"(3, 7, 4, 0)",1.0
,,"(3, 7, 4, 1)",1.0
,,"(3, 7, 4, 2)",1.0
,,"(3, 7, 4, 3)",1.0
,,"(3, 7, 4, 4)",1.0
,,"(3, 7, 4, 5)",1.0
,,"(3, 7, 4, 6)",1.0
,,"(3, 7, 4, 7)",1.0
,,"(3, 7, 5, 0)",1.0
,,"(3, 7, 5, 1)",1.0
,,"(3, 7, 5, 2)",1.0
,,"(3, 7, 5, 3)",1.0
,,"(3, 7, 5, 4)",1.0
,,"(3, 7, 5, 5)",1.0
,,"(3, 7, 5, 6)",1.0
,,"(3, 7, 5, 7)",1.0
,,"(3, 7, 6, 0)",1.0
,,"(3, 7, 6, 1)",1.0
,,"(3, 7, 6, 2)",1.0
,,"(3, 7, 6, 3)",1.0
,,"(3, 7, 6, 4)",1.0
,,"(3, 7, 6, 5)",1.0
,,"(3, 7, 6, 6)",1.0
,,"(3, 7, 6, 7)",1.0
,,"(3, 7, 7, 0)",1.0
,,"(3, 7, 7, 1)",1.0
,,"(3, 7, 7, 2)",1.0
,,"(3, 7, 7, 3)",1.0
,,"(3, 7, 7, 4)",1.0
,,"(3, 7, 7, 5)",1.0
,,"(3, 7, 7, 6)",1.0
,,"(3, 7, 7, 7)",1.0
,,"(5, 0, 0, 0)",0.78
,,"(5, 0, 0, 1)",0.8275
,,"(5, 0, 0, 2)",0.8175
,,"(5, 0, 0, 3)",0.815
,,"(5, 0, 0, 4)",0.8125
,,"(5, 0, 0, 5)",0.81
,,"(5, 0, 0, 6)",0.815
,,"(5, 0, 0, 7)",0.8125
,,"(5, 0, 1, 0)",0.8275
,,"(5, 0, 1, 1)",0.8175
,,"(5, 0, 1, 2)",0.815
,,"(5, 0, 1, 3)",0.8125
,,"(5, 0, 1, 4)",0.81
,,"(5, 0, 1, 5)",0.815
,,"(5, 0, 1, 6)",0.8125
,,"(5, 0, 1, 7)",0.8025
,,"(5, 0, 2, 0)",0.8175
,,"(5, 0, 2, 1)",0.815
,,"(5, 0, 2, 2)",0.8125
,,"(5, 0, 2, 3)",0.81
,,"(5, 0, 2, 4)",0.815
,,"(5, 0, 2, 5)",0.8125
,,"(5, 0, 2, 6)",0.8025
,,"(5, 0, 2, 7)",0.8
,,"(5, 0, 3, 0)",0.815
,,"(5, 0, 3, 1)",0.8125
,,"(5, 0, 3, 2)",0.81
,,"(5, 0, 3, 3)",0.815
,,"(5, 0, 3, 4)",0.8125
,,"(5, 0, 3, 5)",0.8025
,,"(5, 0, 3, 6)",0.8
,,"(5, 0, 3, 7)",0.7975
,,"(5, 0, 4, 0)",0.8125
,,"(5, 0, 4, 1)",0.81
,,"(5, 0, 4, 2)",0.815
,,"(5, 0, 4, 3)",0.8125
,,"(5, 0, 4, 4)",0.8025
,,"(5, 0, 4, 5)",0.8
,,"(5, 0, 4, 6)",0.7975
,,"(5, 0, 4, 7)",0.795
,,"(5, 0, 5, 0)",0.81
,,"(5, 0, 5, 1)",0.815
,,"(5, 0, 5, 2)",0.8125
,,"(5, 0, 5, 3)",0.8025
,,"(5, 0, 5, 4)",0.8
,,"(5, 0, 5, 5)",0.7975
,,"(5, 0, 5, 6)",0.795
,,"(5, 0, 5, 7)",0.7975
,,"(5, 0, 6, 0)",0.815
,,"(5, 0, 6, 1)",0.8125
,,"(5, 0, 6, 2)",0.8025
,,"(5, 0, 6, 3)",0.8
,,"(5, 0, 6, 4)",0.7975
,,"(5, 0, 6, 5)",0.795
,,"(5, 0, 6, 6)",0.7975
,,"(5, 0, 6, 7)",0.7975
,,"(5, 0, 7, 0)",0.8125
,,"(5, 0, 7, 1)",0.8025
,,"(5, 0, 7, 2)",0.8
,,"(5, 0, 7, 3)",0.7975
,,"(5, 0, 7, 4)",0.795
,,"(5, 0, 7, 5)",0.7975
,,"(5, 0, 7, 6)",0.7975
,,"(5, 0, 7, 7)",0.7975
,,"(5, 1, 0, 0)",1.0
,,"(5, 1, 0, 1)",1.0
,,"(5, 1, 0, 2)",1.0
,,"(5, 1, 0, 3)",1.0
,,"(5, 1, 0, 4)",1.0
,,"(5, 1, 0, 5)",1.0
,,"(5, 1, 0, 6)",1.0
,,"(5, 1, 0, 7)",1.0
,,"(5, 1, 1, 0)",1.0
,,"(5, 1, 1, 1)",1.0
,,"(5, 1, 1, 2)",1.0
,,"(5, 1, 1, 3)",1.0
,,"(5, 1, 1, 4)",1.0
,,"(5, 1, 1, 5)",1.0
,,"(5, 1, 1, 6)",1.0
,,"(5, 1, 1, 7)",1.0
,,"(5, 1, 2, 0)",1.0
,,"(5, 1, 2, 1)",1.0
,,"(5, 1, 2, 2)",1.0
,,"(5, 1, 2, 3)",1.0
,,"(5, 1, 2, 4)",1.0
,,"(5, 1, 2, 5)",1.0
,,"(5, 1, 2, 6)",1.0
,,"(5, 1, 2, 7)",1.0
,,"(5, 1, 3, 0)",1.0
,,"(5, 1, 3, 1)",1.0
,,"(5, 1, 3, 2)",1.0
,,"(5, 1, 3, 3)",1.0
,,"(5, 1, 3, 4)",1.0
,,"(5, 1, 3, 5)",1.0
,,"(5, 1, 3, 6)",1.0
,,"(5, 1, 3, 7)",1.0
,,"(5, 1, 4, 0)",1.0
,,"(5, 1, 4, 1)",1.0
,,"(5, 1, 4, 2)",1.0
,,"(5, 1, 4, 3)",1.0
,,"(5, 1, 4, 4)",1.0
,,"(5, 1, 4, 5)",1.0
,,"(5, 1, 4, 6)",1.0
,,"(5, 1, 4, 7)",1.0
,,"(5, 1, 5, 0)",1.0
,,"(5, 1, 5, 1)",1.0
,,"(5, 1, 5, 2)",1.0
,,"(5, 1, 5, 3)",1.0
,,"(5, 1, 5, 4)",1.0
,,"(5, 1, 5, 5)",1.0
,,"(5, 1, 5, 6)",1.0
,,"(5, 1, 5, 7)",1.0
,,"(5, 1, 6, 0)",1.0
,,"(5, 1, 6, 1)",1.0
,,"(5, 1, 6, 2)",1.0
,,"(5, 1, 6, 3)",1.0
,,"(5, 1, 6, 4)",1.0
,,"(5, 1, 6, 5)",1.0
,,"(5, 1, 6, 6)",1.0
,,"(5, 1, 6, 7)",1.0
,,"(5, 1, 7, 0)",1.0
,,"(5, 1, 7, 1)",1.0
,,"(5, 1, 7, 2)",1.0
,,"(5, 1, 7, 3)",1.0
,,"(5, 1, 7, 4)",1.0
,,"(5, 1, 7, 5)",1.0
,,"(5, 1, 7, 6)",1.0
,,"(5, 1, 7, 7)",1.0
,,"(5, 2, 0, 0)",1.0
,,"(5, 2, 0, 1)",1.0
,,"(5, 2, 0, 2)",1.0
,,"(5, 2, 0, 3)",1.0
,,"(5, 2, 0, 4)",1.0
,,"(5, 2, 0, 5)",1.0
,,"(5, 2, 0, 6)",1.0
,,"(5, 2, 0, 7)",1.0
,,"(5, 2, 1, 0)",1.0
,,"(5, 2, 1, 1)",1.0
,,"(5, 2, 1, 2)",1.0
,,"(5, 2, 1, 3)",1.0
,,"(5, 2, 1, 4)",1.0
,,"(5, 2, 1, 5)",1.0
,,"(5, 2, 1, 6)",1.0
,,"(5, 2, 1, 7)",1.0
,,"(5, 2, 2, 0)",1.0
,,"(5, 2, 2, 1)",1.0
,,"(5, 2, 2, 2)",1.0
,,"(5, 2, 2, 3)",1.0
,,"(5, 2, 2, 4)",1.0
,,"(5, 2, 2, 5)",1.0
,,"(5, 2, 2, 6)",1.0
,,"(5, 2, 2, 7)",1.0
,,"(5, 2, 3, 0)",1.0
,,"(5, 2, 3, 1)",1.0
,,"(5, 2, 3, 2)",1.0
,,"(5, 2, 3, 3)",1.0
,,"(5, 2, 3, 4)",1.0
,,"(5, 2, 3, 5)",1.0
,,"(5, 2, 3, 6)",1.0
,,"(5, 2, 3, 7)",1.0
,,"(5, 2, 4, 0)",1.0
,,"(5, 2, 4, 1)",1.0
,,"(5, 2, 4, 2)",1.0
,,"(5, 2, 4, 3)",1.0
,,"(5, 2, 4, 4)",1.0
,,"(5, 2, 4, 5)",1.0
,,"(5, 2, 4, 6)",1.0
,,"(5, 2, 4, 7)",1.0
,,"(5, 2, 5, 0)",1.0
,,"(5, 2, 5, 1)",1.0
,,"(5, 2, 5, 2)",1.0
,,"(5, 2, 5, 3)",1.0
,,"(5, 2, 5, 4)",1.0
,,"(5, 2, 5, 5)",1.0
,,"(5, 2, 5, 6)",1.0
,,"(5, 2, 5, 7)",1.0
,,"(5, 2, 6, 0)",1.0
,,"(5, 2, 6, 1)",1.0
,,"(5, 2, 6, 2)",1.0
,,"(5, 2, 6, 3)",1.0
,,"(5, 2, 6, 4)",1.0
,,"(5, 2, 6, 5)",1.0
,,"(5, 2, 6, 6)",1.0
,,"(5, 2, 6, 7)",1.0
,,"(5, 2, 7, 0)",1.0
,,"(5, 2, 7, 1)",1.0
,,"(5, 2, 7, 2)",1.0
,,"(5, 2, 7, 3)",1.0
,,"(5, 2, 7, 4)",1.0
,,"(5, 2, 7, 5)",1.0
,,"(5, 2, 7, 6)",1.0
,,"(5, 2, 7, 7)",1.0
,,"(5, 3, 0, 0)",1.0
,,"(5, 3, 0, 1)",1.0
,,"(5, 3, 0, 2)",1.0
,,"(5, 3, 0, 3)",1.0
,,"(5, 3, 0, 4)",1.0
,,"(5, 3, 0, 5)",1.0
,,"(5, 3, 0, 6)",1.0
,,"(5, 3, 0, 7)",1.0
,,"(5, 3, 1, 0)",1.0
,,"(5, 3, 1, 1)",1.0
,,"(5, 3, 1, 2)",1.0
,,"(5, 3, 1, 3)",1.0
,,"(5, 3, 1, 4)",1.0
,,"(5, 3, 1, 5)",1.0
,,"(5, 3, 1, 6)",1.0
,,"(5, 3, 1, 7)",1.0
,,"(5, 3, 2, 0)",1.0
,,"(5, 3, 2, 1)",1.0
,,"(5, 3, 2, 2)",1.0
,,"(5, 3, 2, 3)",1.0
,,"(5, 3, 2, 4)",1.0
,,"(5, 3, 2, 5)",1.0
,,"(5, 3, 2, 6)",1.0
,,"(5, 3, 2, 7)",1.0
,,"(5, 3, 3, 0)",1.0
,,"(5, 3, 3, 1)",1.0
,,"(5, 3, 3, 2)",1.0
,,"(5, 3, 3, 3)",1.0
,,"(5, 3, 3, 4)",1.0
,,"(5, 3, 3, 5)",1.0
,,"(5, 3, 3, 6)",1.0
,,"(5, 3, 3, 7)",1.0
,,"(5, 3, 4, 0)",1.0
,,"(5, 3, 4, 1)",1.0
,,"(5, 3, 4, 2)",1.0
,,"(5, 3, 4, 3)",1.0
,,"(5, 3, 4, 4)",1.0
,,"(5, 3, 4, 5)",1.0
,,"(5, 3, 4, 6)",1.0
,,"(5, 3, 4, 7)",1.0
,,"(5, 3, 5, 0)",1.0
,,"(5, 3, 5, 1)",1.0
,,"(5, 3, 5, 2)",1.0
,,"(5, 3, 5, 3)",1.0
,,"(5, 3, 5, 4)",1.0
,,"(5, 3, 5, 5)",1.0
,,"(5, 3, 5, 6)",1.0
,,"(5, 3, 5, 7)",1.0
,,"(5, 3, 6, 0)",1.0
,,"(5, 3, 6, 1)",1.0
,,"(5, 3, 6, 2)",1.0
,,"(5, 3, 6, 3)",1.0
,,"(5, 3, 6, 4)",1.0
,,"(5, 3, 6, 5)",1.0
,,"(5, 3, 6, 6)",1.0
,,"(5, 3, 6, 7)",1.0
,,"(5, 3, 7, 0)",1.0
,,"(5, 3, 7, 1)",1.0
,,"(5, 3, 7, 2)",1.0
,,"(5, 3, 7, 3)",1.0
,,"(5, 3, 7, 4)",1.0
,,"(5, 3, 7, 5)",1.0
,,"(5, 3, 7, 6)",1.0
,,"(5, 3, 7, 7)",1.0
,,"(5, 4, 0, 0)",1.0
,,"(5, 4, 0, 1)",1.0
,,"(5, 4, 0, 2)",1.0
,,"(5, 4, 0, 3)",1.0
,,"(5, 4, 0, 4)",1.0
,,"(5, 4, 0, 5)",1.0
,,"(5, 4, 0, 6)",1.0
,,"(5, 4, 0, 7)",1.0
,,"(5, 4, 1, 0)",1.0
,,"(5, 4, 1, 1)",1.0
,,"(5, 4, 1, 2)",1.0
,,"(5, 4, 1, 3)",1.0
,,"(5, 4, 1, 4)",1.0
,,"(5, 4, 1, 5)",1.0
,,"(5, 4, 1, 6)",1.0
,,"(5, 4, 1, 7)",1.0
,,"(5, 4, 2, 0)",1.0
,,"(5, 4, 2, 1)",1.0
,,"(5, 4, 2, 2)",1.0
,,"(5, 4, 2, 3)",1.0
,,"(5, 4, 2, 4)",1.0
,,"(5, 4, 2, 5)",1.0
,,"(5, 4, 2, 6)",1.0
,,"(5, 4, 2, 7)",1.0
,,"(5, 4, 3, 0)",1.0
,,"(5, 4, 3, 1)",1.0
,,"(5, 4, 3, 2)",1.0
,,"(5, 4, 3, 3)",1.0
,,"(5, 4, 3, 4)",1.0
,,"(5, 4, 3, 5)",1.0
,,"(5, 4, 3, 6)",1.0
,,"(5, 4, 3, 7)",1.0
,,"(5, 4, 4, 0)",1.0
,,"(5, 4, 4, 1)",1.0
,,"(5, 4, 4, 2)",1.0
,,"(5, 4, 4, 3)",1.0
,,"(5, 4, 4, 4)",1.0
,,"(5, 4, 4, 5)",1.0
,,"(5, 4, 4, 6)",1.0
,,"(5, 4, 4, 7)",1.0
,,"(5, 4, 5, 0)",1.0
,,"(5, 4, 5, 1)",1.0
,,"(5, 4, 5, 2)",1.0
,,"(5, 4, 5, 3)",1.0
,,"(5, 4, 5, 4)",1.0
,,"(5, 4, 5, 5)",1.0
,,"(5, 4, 5, 6)",1.0
,,"(5, 4, 5, 7)",1.0
,,"(5, 4, 6, 0)",1.0
,,"(5, 4, 6, 1)",1.0
,,"(5, 4, 6, 2)",1.0
,,"(5, 4, 6, 3)",1.0
,,"(5, 4, 6, 4)",1.0
,,"(5, 4, 6, 5)",1.0
,,"(5, 4, 6, 6)",1.0
,,"(5, 4, 6, 7)",1.0
,,"(5, 4, 7, 0)",1.0
,,"(5, 4, 7, 1)",1.0
,,"(5, 4, 7, 2)",1.0
,,"(5, 4, 7, 3)",1.0
,,"(5, 4, 7, 4)",1.0
,,"(5, 4, 7, 5)",1.0
,,"(5, 4, 7, 6)",1.0
,,"(5, 4, 7, 7)",1.0
,,"(5, 5, 0, 0)",1.0
,,"(5, 5, 0, 1)",1.0
,,"(5, 5, 0, 2)",1.0
,,"(5, 5, 0, 3)",1.0
,,"(5, 5, 0, 4)",1.0
,,"(5, 5, 0, 5)",1.0
,,"(5, 5, 0, 6)",1.0
,,"(5, 5, 0, 7)",1.0
,,"(5, 5, 1, 0)",1.0
,,"(5, 5, 1, 1)",1.0
,,"(5, 5, 1, 2)",1.0
,,"(5, 5, 1, 3)",1.0
,,"(5, 5, 1, 4)",1.0
,,"(5, 5, 1, 5)",1.0
,,"(5, 5, 1, 6)",1.0
,,"(5, 5, 1, 7)",1.0
,,"(5, 5, 2, 0)",1.0
,,"(5, 5, 2, 1)",1.0
,,"(5, 5, 2, 2)",1.0
,,"(5, 5, 2, 3)",1.0
,,"(5, 5, 2, 4)",1.0
,,"(5, 5, 2, 5)",1.0
,,"(5, 5, 2, 6)",1.0
,,"(5, 5, 2, 7)",1.0
,,"(5, 5, 3, 0)",1.0
,,"(5, 5, 3, 1)",1.0
,,"(5, 5, 3, 2)",1.0
,,"(5, 5, 3, 3)",1.0
,,"(5, 5, 3, 4)",1.0
,,"(5, 5, 3, 5)",1.0
,,"(5, 5, 3, 6)",1.0
,,"(5, 5, 3, 7)",1.0
,,"(5, 5, 4, 0)",1.0
,,"(5, 5, 4, 1)",1.0
,,"(5, 5, 4, 2)",1.0
,,"(5, 5, 4, 3)",1.0
,,"(5, 5, 4, 4)",1.0
,,"(5, 5, 4, 5)",1.0
,,"(5, 5, 4, 6)",1.0
,,"(5, 5, 4, 7)",1.0
,,"(5, 5, 5, 0)",1.0
,,"(5, 5, 5, 1)",1.0
,,"(5, 5, 5, 2)",1.0
,,"(5, 5, 5, 3)",1.0
,,"(5, 5, 5, 4)",1.0
,,"(5, 5, 5, 5)",1.0
,,"(5, 5, 5, 6)",1.0
,,"(5, 5, 5, 7)",1.0
,,"(5, 5, 6, 0)",1.0
,,"(5, 5, 6, 1)",1.0
,,"(5, 5, 6, 2)",1.0
,,"(5, 5, 6, 3)",1.0
,,"(5, 5, 6, 4)",1.0
,,"(5, 5, 6, 5)",1.0
,,"(5, 5, 6, 6)",1.0
,,"(5, 5, 6, 7)",1.0
,,"(5, 5, 7, 0)",1.0
,,"(5, 5, 7, 1)",1.0
,,"(5, 5, 7, 2)",1.0
,,"(5, 5, 7, 3)",1.0
,,"(5, 5, 7, 4)",1.0
,,"(5, 5, 7, 5)",1.0
,,"(5, 5, 7, 6)",1.0
,,"(5, 5, 7, 7)",1.0
,,"(5, 6, 0, 0)",1.0
,,"(5, 6, 0, 1)",1.0
,,"(5, 6, 0, 2)",1.0
,,"(5, 6, 0, 3)",1.0
,,"(5, 6, 0, 4)",1.0
,,"(5, 6, 0, 5)",1.0
,,"(5, 6, 0, 6)",1.0
,,"(5, 6, 0, 7)",1.0
,,"(5, 6, 1, 0)",1.0
,,"(5, 6, 1, 1)",1.0
,,"(5, 6, 1, 2)",1.0
,,"(5, 6, 1, 3)",1.0
,,"(5, 6, 1, 4)",1.0
,,"(5, 6, 1, 5)",1.0
,,"(5, 6, 1, 6)",1.0
,,"(5, 6, 1, 7)",1.0
,,"(5, 6, 2, 0)",1.0
,,"(5, 6, 2, 1)",1.0
,,"(5, 6, 2, 2)",1.0
,,"(5, 6, 2, 3)",1.0
,,"(5, 6, 2, 4)",1.0
,,"(5, 6, 2, 5)",1.0
,,"(5, 6, 2, 6)",1.0
,,"(5, 6, 2, 7)",1.0
,,"(5, 6, 3, 0)",1.0
,,"(5, 6, 3, 1)",1.0
,,"(5, 6, 3, 2)",1.0
,,"(5, 6, 3, 3)",1.0
,,"(5, 6, 3, 4)",1.0
,,"(5, 6, 3, 5)",1.0
,,"(5, 6, 3, 6)",1.0
,,"(5, 6, 3, 7)",1.0
,,"(5, 6, 4, 0)",1.0
,,"(5, 6, 4, 1)",1.0
,,"(5, 6, 4, 2)",1.0
,,"(5, 6, 4, 3)",1.0
,,"(5, 6, 4, 4)",1.0
,,"(5, 6, 4, 5)",1.0
,,"(5, 6, 4, 6)",1.0
,,"(5, 6, 4, 7)",1.0
,,"(5, 6, 5, 0)",1.0
,,"(5, 6, 5, 1)",1.0
,,"(5, 6, 5, 2)",1.0
,,"(5, 6, 5, 3)",1.0
,,"(5, 6, 5, 4)",1.0
,,"(5, 6, 5, 5)",1.0
,,"(5, 6, 5, 6)",1.0
,,"(5, 6, 5, 7)",1.0
,,"(5, 6, 6, 0)",1.0
,,"(5, 6, 6, 1)",1.0
,,"(5, 6, 6, 2)",1.0
,,"(5, 6, 6, 3)",1.0
,,"(5, 6, 6, 4)",1.0
,,"(5, 6, 6, 5)",1.0
,,"(5, 6, 6, 6)",1.0
,,"(5, 6, 6, 7)",1.0
,,"(5, 6, 7, 0)",1.0
,,"(5, 6, 7, 1)",1.0
,,"(5, 6, 7, 2)",1.0
,,"(5, 6, 7, 3)",1.0
,,"(5, 6, 7, 4)",1.0
,,"(5, 6, 7, 5)",1.0
,,"(5, 6, 7, 6)",1.0
,,"(5, 6, 7, 7)",1.0
,,"(5, 7, 0, 0)",1.0
,,"(5, 7, 0, 1)",1.0
,,"(5, 7, 0, 2)",1.0
,,"(5, 7, 0, 3)",1.0
,,"(5, 7, 0, 4)",1.0
,,"(5, 7, 0, 5)",1.0
,,"(5, 7, 0, 6)",1.0
,,"(5, 7, 0, 7)",1.0
,,"(5, 7, 1, 0)",1.0
,,"(5, 7, 1, 1)",1.0
,,"(5, 7, 1, 2)",1.0
,,"(5, 7, 1, 3)",1.0
,,"(5, 7, 1, 4)",1.0
,,"(5, 7, 1, 5)",1.0
,,"(5, 7, 1, 6)",1.0
,,"(5, 7, 1, 7)",1.0
,,"(5, 7, 2, 0)",1.0
,,"(5, 7, 2, 1)",1.0
,,"(5, 7, 2, 2)",1.0
,,"(5, 7, 2, 3)",1.0
,,"(5, 7, 2, 4)",1.0
,,"(5, 7, 2, 5)",1.0
,,"(5, 7, 2, 6)",1.0
,,"(5, 7, 2, 7)",1.0
,,"(5, 7, 3, 0)",1.0
,,"(5, 7, 3, 1)",1.0
,,"(5, 7, 3, 2)",1.0
,,"(5, 7, 3, 3)",1.0
,,"(5, 7, 3, 4)",1.0
,,"(5, 7, 3, 5)",1.0
,,"(5, 7, 3, 6)",1.0
,,"(5, 7, 3, 7)",1.0
,,"(5, 7, 4, 0)",1.0
,,"(5, 7, 4, 1)",1.0
,,"(5, 7, 4, 2)",1.0
,,"(5, 7, 4, 3)",1.0
,,"(5, 7, 4, 4)",1.0
,,"(5, 7, 4, 5)",1.0
,,"(5, 7, 4, 6)",1.0
,,"(5, 7, 4, 7)",1.0
,,"(5, 7, 5, 0)",1.0
,,"(5, 7, 5, 1)",1.0
,,"(5, 7, 5, 2)",1.0
,,"(5, 7, 5, 3)",1.0
,,"(5, 7, 5, 4)",1.0
,,"(5, 7, 5, 5)",1.0
,,"(5, 7, 5, 6)",1.0
,,"(5, 7, 5, 7)",1.0
,,"(5, 7, 6, 0)",1.0
,,"(5, 7, 6, 1)",1.0
,,"(5, 7, 6, 2)",1.0
,,"(5, 7, 6, 3)",1.0
,,"(5, 7, 6, 4)",1.0
,,"(5, 7, 6, 5)",1.0
,,"(5, 7, 6, 6)",1.0
,,"(5, 7, 6, 7)",1.0
,,"(5, 7, 7, 0)",1.0
,,"(5, 7, 7, 1)",1.0
,,"(5, 7, 7, 2)",1.0
,,"(5, 7, 7, 3)",1.0
,,"(5, 7, 7, 4)",1.0
,,"(5, 7, 7, 5)",1.0
,,"(5, 7, 7, 6)",1.0
,,"(5, 7, 7, 7)",1.0
,,"(1, 0, 0, 0)",0.78
,,"(1, 0, 0, 1)",0.81
,,"(1, 0, 0, 2)",0.7975
,,"(1, 0, 0, 3)",0.7975
,,"(1, 0, 0, 4)",0.79
,,"(1, 0, 0, 5)",0.78
,,"(1, 0, 0, 6)",0.785
,,"(1, 0, 0, 7)",0.785
,,"(1, 0, 1, 0)",0.81
,,"(1, 0, 1, 1)",0.7975
,,"(1, 0, 1, 2)",0.7975
,,"(1, 0, 1, 3)",0.79
,,"(1, 0, 1, 4)",0.78
,,"(1, 0, 1, 5)",0.785
,,"(1, 0, 1, 6)",0.785
,,"(1, 0, 1, 7)",0.785
,,"(1, 0, 2, 0)",0.7975
,,"(1, 0, 2, 1)",0.7975
,,"(1, 0, 2, 2)",0.79
,,"(1, 0, 2, 3)",0.78
,,"(1, 0, 2, 4)",0.785
,,"(1, 0, 2, 5)",0.785
,,"(1, 0, 2, 6)",0.785
,,"(1, 0, 2, 7)",0.78
,,"(1, 0, 3, 0)",0.7975
,,"(1, 0, 3, 1)",0.79
,,"(1, 0, 3, 2)",0.78
,,"(1, 0, 3, 3)",0.785
,,"(1, 0, 3, 4)",0.785
,,"(1, 0, 3, 5)",0.785
,,"(1, 0, 3, 6)",0.78
,,"(1, 0, 3, 7)",0.78
,,"(1, 0, 4, 0)",0.79
,,"(1, 0, 4, 1)",0.78
,,"(1, 0, 4, 2)",0.785
,,"(1, 0, 4, 3)",0.785
,,"(1, 0, 4, 4)",0.785
,,"(1, 0, 4, 5)",0.78
,,"(1, 0, 4, 6)",0.78
,,"(1, 0, 4, 7)",0.785
,,"(1, 0, 5, 0)",0.78
,,"(1, 0, 5, 1)",0.785
,,"(1, 0, 5, 2)",0.785
,,"(1, 0, 5, 3)",0.785
,,"(1, 0, 5, 4)",0.78
,,"(1, 0, 5, 5)",0.78
,,"(1, 0, 5, 6)",0.785
,,"(1, 0, 5, 7)",0.7825
,,"(1, 0, 6, 0)",0.785
,,"(1, 0, 6, 1)",0.785
,,"(1, 0, 6, 2)",0.785
,,"(1, 0, 6, 3)",0.78
,,"(1, 0, 6, 4)",0.78
,,"(1, 0, 6, 5)",0.785
,,"(1, 0, 6, 6)",0.7825
,,"(1, 0, 6, 7)",0.78
,,"(1, 0, 7, 0)",0.785
,,"(1, 0, 7, 1)",0.785
,,"(1, 0, 7, 2)",0.78
,,"(1, 0, 7, 3)",0.78
,,"(1, 0, 7, 4)",0.785
,,"(1, 0, 7, 5)",0.7825
,,"(1, 0, 7, 6)",0.78
,,"(1, 0, 7, 7)",0.7825
,,"(1, 1, 0, 0)",1.0
,,"(1, 1, 0, 1)",1.0
,,"(1, 1, 0, 2)",1.0
,,"(1, 1, 0, 3)",1.0
,,"(1, 1, 0, 4)",1.0
,,"(1, 1, 0, 5)",1.0
,,"(1, 1, 0, 6)",1.0
,,"(1, 1, 0, 7)",1.0
,,"(1, 1, 1, 0)",1.0
,,"(1, 1, 1, 1)",1.0
,,"(1, 1, 1, 2)",1.0
,,"(1, 1, 1, 3)",1.0
,,"(1, 1, 1, 4)",1.0
,,"(1, 1, 1, 5)",1.0
,,"(1, 1, 1, 6)",1.0
,,"(1, 1, 1, 7)",1.0
,,"(1, 1, 2, 0)",1.0
,,"(1, 1, 2, 1)",1.0
,,"(1, 1, 2, 2)",1.0
,,"(1, 1, 2, 3)",1.0
,,"(1, 1, 2, 4)",1.0
,,"(1, 1, 2, 5)",1.0
,,"(1, 1, 2, 6)",1.0
,,"(1, 1, 2, 7)",1.0
,,"(1, 1, 3, 0)",1.0
,,"(1, 1, 3, 1)",1.0
,,"(1, 1, 3, 2)",1.0
,,"(1, 1, 3, 3)",1.0
,,"(1, 1, 3, 4)",1.0
,,"(1, 1, 3, 5)",1.0
,,"(1, 1, 3, 6)",1.0
,,"(1, 1, 3, 7)",1.0
,,"(1, 1, 4, 0)",1.0
,,"(1, 1, 4, 1)",1.0
,,"(1, 1, 4, 2)",1.0
,,"(1, 1, 4, 3)",1.0
,,"(1, 1, 4, 4)",1.0
,,"(1, 1, 4, 5)",1.0
,,"(1, 1, 4, 6)",1.0
,,"(1, 1, 4, 7)",1.0
,,"(1, 1, 5, 0)",1.0
,,"(1, 1, 5, 1)",1.0
,,"(1, 1, 5, 2)",1.0
,,"(1, 1, 5, 3)",1.0
,,"(1, 1, 5, 4)",1.0
,,"(1, 1, 5, 5)",1.0
,,"(1, 1, 5, 6)",1.0
,,"(1, 1, 5, 7)",1.0
,,"(1, 1, 6, 0)",1.0
,,"(1, 1, 6, 1)",1.0
,,"(1, 1, 6, 2)",1.0
,,"(1, 1, 6, 3)",1.0
,,"(1, 1, 6, 4)",1.0
,,"(1, 1, 6, 5)",1.0
,,"(1, 1, 6, 6)",1.0
,,"(1, 1, 6, 7)",1.0
,,"(1, 1, 7, 0)",1.0
,,"(1, 1, 7, 1)",1.0
,,"(1, 1, 7, 2)",1.0
,,"(1, 1, 7, 3)",1.0
,,"(1, 1, 7, 4)",1.0
,,"(1, 1, 7, 5)",1.0
,,"(1, 1, 7, 6)",1.0
,,"(1, 1, 7, 7)",1.0
,,"(1, 2, 0, 0)",1.0
,,"(1, 2, 0, 1)",1.0
,,"(1, 2, 0, 2)",1.0
,,"(1, 2, 0, 3)",1.0
,,"(1, 2, 0, 4)",1.0
,,"(1, 2, 0, 5)",1.0
,,"(1, 2, 0, 6)",1.0
,,"(1, 2, 0, 7)",1.0
,,"(1, 2, 1, 0)",1.0
,,"(1, 2, 1, 1)",1.0
,,"(1, 2, 1, 2)",1.0
,,"(1, 2, 1, 3)",1.0
,,"(1, 2, 1, 4)",1.0
,,"(1, 2, 1, 5)",1.0
,,"(1, 2, 1, 6)",1.0
,,"(1, 2, 1, 7)",1.0
,,"(1, 2, 2, 0)",1.0
,,"(1, 2, 2, 1)",1.0
,,"(1, 2, 2, 2)",1.0
,,"(1, 2, 2, 3)",1.0
,,"(1, 2, 2, 4)",1.0
,,"(1, 2, 2, 5)",1.0
,,"(1, 2, 2, 6)",1.0
,,"(1, 2, 2, 7)",1.0
,,"(1, 2, 3, 0)",1.0
,,"(1, 2, 3, 1)",1.0
,,"(1, 2, 3, 2)",1.0
,,"(1, 2, 3, 3)",1.0
,,"(1, 2, 3, 4)",1.0
,,"(1, 2, 3, 5)",1.0
,,"(1, 2, 3, 6)",1.0
,,"(1, 2, 3, 7)",1.0
,,"(1, 2, 4, 0)",1.0
,,"(1, 2, 4, 1)",1.0
,,"(1, 2, 4, 2)",1.0
,,"(1, 2, 4, 3)",1.0
,,"(1, 2, 4, 4)",1.0
,,"(1, 2, 4, 5)",1.0
,,"(1, 2, 4, 6)",1.0
,,"(1, 2, 4, 7)",1.0
,,"(1, 2, 5, 0)",1.0
,,"(1, 2, 5, 1)",1.0
,,"(1, 2, 5, 2)",1.0
,,"(1, 2, 5, 3)",1.0
,,"(1, 2, 5, 4)",1.0
,,"(1, 2, 5, 5)",1.0
,,"(1, 2, 5, 6)",1.0
,,"(1, 2, 5, 7)",1.0
,,"(1, 2, 6, 0)",1.0
,,"(1, 2, 6, 1)",1.0
,,"(1, 2, 6, 2)",1.0
,,"(1, 2, 6, 3)",1.0
,,"(1, 2, 6, 4)",1.0
,,"(1, 2, 6, 5)",1.0
,,"(1, 2, 6, 6)",1.0
,,"(1, 2, 6, 7)",1.0
,,"(1, 2, 7, 0)",1.0
,,"(1, 2, 7, 1)",1.0
,,"(1, 2, 7, 2)",1.0
,,"(1, 2, 7, 3)",1.0
,,"(1, 2, 7, 4)",1.0
,,"(1, 2, 7, 5)",1.0
,,"(1, 2, 7, 6)",1.0
,,"(1, 2, 7, 7)",1.0
,,"(1, 3, 0, 0)",1.0
,,"(1, 3, 0, 1)",1.0
,,"(1, 3, 0, 2)",1.0
,,"(1, 3, 0, 3)",1.0
,,"(1, 3, 0, 4)",1.0
,,"(1, 3, 0, 5)",1.0
,,"(1, 3, 0, 6)",1.0
,,"(1, 3, 0, 7)",1.0
,,"(1, 3, 1, 0)",1.0
,,"(1, 3, 1, 1)",1.0
,,"(1, 3, 1, 2)",1.0
,,"(1, 3, 1, 3)",1.0
,,"(1, 3, 1, 4)",1.0
,,"(1, 3, 1, 5)",1.0
,,"(1, 3, 1, 6)",1.0
,,"(1, 3, 1, 7)",1.0
,,"(1, 3, 2, 0)",1.0
,,"(1, 3, 2, 1)",1.0
,,"(1, 3, 2, 2)",1.0
,,"(1, 3, 2, 3)",1.0
,,"(1, 3, 2, 4)",1.0
,,"(1, 3, 2, 5)",1.0
,,"(1, 3, 2, 6)",1.0
,,"(1, 3, 2, 7)",1.0
,,"(1, 3, 3, 0)",1.0
,,"(1, 3, 3, 1)",1.0
,,"(1, 3, 3, 2)",1.0
,,"(1, 3, 3, 3)",1.0
,,"(1, 3, 3, 4)",1.0
,,"(1, 3, 3, 5)",1.0
,,"(1, 3, 3, 6)",1.0
,,"(1, 3, 3, 7)",1.0
,,"(1, 3, 4, 0)",1.0
,,"(1, 3, 4, 1)",1.0
,,"(1, 3, 4, 2)",1.0
,,"(1, 3, 4, 3)",1.0
,,"(1, 3, 4, 4)",1.0
,,"(1, 3, 4, 5)",1.0
,,"(1, 3, 4, 6)",1.0
,,"(1, 3, 4, 7)",1.0
,,"(1, 3, 5, 0)",1.0
,,"(1, 3, 5, 1)",1.0
,,"(1, 3, 5, 2)",1.0
,,"(1, 3, 5, 3)",1.0
,,"(1, 3, 5, 4)",1.0
,,"(1, 3, 5, 5)",1.0
,,"(1, 3, 5, 6)",1.0
,,"(1, 3, 5, 7)",1.0
,,"(1, 3, 6, 0)",1.0
,,"(1, 3, 6, 1)",1.0
,,"(1, 3, 6, 2)",1.0
,,"(1, 3, 6, 3)",1.0
,,"(1, 3, 6, 4)",1.0
,,"(1, 3, 6, 5)",1.0
,,"(1, 3, 6, 6)",1.0
,,"(1, 3, 6, 7)",1.0
,,"(1, 3, 7, 0)",1.0
,,"(1, 3, 7, 1)",1.0
,,"(1, 3, 7, 2)",1.0
,,"(1, 3, 7, 3)",1.0
,,"(1, 3, 7, 4)",1.0
,,"(1, 3, 7, 5)",1.0
,,"(1, 3, 7, 6)",1.0
,,"(1, 3, 7, 7)",1.0
,,"(1, 4, 0, 0)",1.0
,,"(1, 4, 0, 1)",1.0
,,"(1, 4, 0, 2)",1.0
,,"(1, 4, 0, 3)",1.0
,,"(1, 4, 0, 4)",1.0
,,"(1, 4, 0, 5)",1.0
,,"(1, 4, 0, 6)",1.0
,,"(1, 4, 0, 7)",1.0
,,"(1, 4, 1, 0)",1.0
,,"(1, 4, 1, 1)",1.0
,,"(1, 4, 1, 2)",1.0
,,"(1, 4, 1, 3)",1.0
,,"(1, 4, 1, 4)",1.0
,,"(1, 4, 1, 5)",1.0
,,"(1, 4, 1, 6)",1.0
,,"(1, 4, 1, 7)",1.0
,,"(1, 4, 2, 0)",1.0
,,"(1, 4, 2, 1)",1.0
,,"(1, 4, 2, 2)",1.0
,,"(1, 4, 2, 3)",1.0
,,"(1, 4, 2, 4)",1.0
,,"(1, 4, 2, 5)",1.0
,,"(1, 4, 2, 6)",1.0
,,"(1, 4, 2, 7)",1.0
,,"(1, 4, 3, 0)",1.0
,,"(1, 4, 3, 1)",1.0
,,"(1, 4, 3, 2)",1.0
,,"(1, 4, 3, 3)",1.0
,,"(1, 4, 3, 4)",1.0
,,"(1, 4, 3, 5)",1.0
,,"(1, 4, 3, 6)",1.0
,,"(1, 4, 3, 7)",1.0
,,"(1, 4, 4, 0)",1.0
,,"(1, 4, 4, 1)",1.0
,,"(1, 4, 4, 2)",1.0
,,"(1, 4, 4, 3)",1.0
,,"(1, 4, 4, 4)",1.0
,,"(1, 4, 4, 5)",1.0
,,"(1, 4, 4, 6)",1.0
,,"(1, 4, 4, 7)",1.0
,,"(1, 4, 5, 0)",1.0
,,"(1, 4, 5, 1)",1.0
,,"(1, 4, 5, 2)",1.0
,,"(1, 4, 5, 3)",1.0
,,"(1, 4, 5, 4)",1.0
,,"(1, 4, 5, 5)",1.0
,,"(1, 4, 5, 6)",1.0
,,"(1, 4, 5, 7)",1.0
,,"(1, 4, 6, 0)",1.0
,,"(1, 4, 6, 1)",1.0
,,"(1, 4, 6, 2)",1.0
,,"(1, 4, 6, 3)",1.0
,,"(1, 4, 6, 4)",1.0
,,"(1, 4, 6, 5)",1.0
,,"(1, 4, 6, 6)",1.0
,,"(1, 4, 6, 7)",1.0
,,"(1, 4, 7, 0)",1.0
,,"(1, 4, 7, 1)",1.0
,,"(1, 4, 7, 2)",1.0
,,"(1, 4, 7, 3)",1.0
,,"(1, 4, 7, 4)",1.0
,,"(1, 4, 7, 5)",1.0
,,"(1, 4, 7, 6)",1.0
,,"(1, 4, 7, 7)",1.0
,,"(1, 5, 0, 0)",1.0
,,"(1, 5, 0, 1)",1.0
,,"(1, 5, 0, 2)",1.0
,,"(1, 5, 0, 3)",1.0
,,"(1, 5, 0, 4)",1.0
,,"(1, 5, 0, 5)",1.0
,,"(1, 5, 0, 6)",1.0
,,"(1, 5, 0, 7)",1.0
,,"(1, 5, 1, 0)",1.0
,,"(1, 5, 1, 1)",1.0
,,"(1, 5, 1, 2)",1.0
,,"(1, 5, 1, 3)",1.0
,,"(1, 5, 1, 4)",1.0
,,"(1, 5, 1, 5)",1.0
,,"(1, 5, 1, 6)",1.0
,,"(1, 5, 1, 7)",1.0
,,"(1, 5, 2, 0)",1.0
,,"(1, 5, 2, 1)",1.0
,,"(1, 5, 2, 2)",1.0
,,"(1, 5, 2, 3)",1.0
,,"(1, 5, 2, 4)",1.0
,,"(1, 5, 2, 5)",1.0
,,"(1, 5, 2, 6)",1.0
,,"(1, 5, 2, 7)",1.0
,,"(1, 5, 3, 0)",1.0
,,"(1, 5, 3, 1)",1.0
,,"(1, 5, 3, 2)",1.0
,,"(1, 5, 3, 3)",1.0
,,"(1, 5, 3, 4)",1.0
,,"(1, 5, 3, 5)",1.0
,,"(1, 5, 3, 6)",1.0
,,"(1, 5, 3, 7)",1.0
,,"(1, 5, 4, 0)",1.0
,,"(1, 5, 4, 1)",1.0
,,"(1, 5, 4, 2)",1.0
,,"(1, 5, 4, 3)",1.0
,,"(1, 5, 4, 4)",1.0
,,"(1, 5, 4, 5)",1.0
,,"(1, 5, 4, 6)",1.0
,,"(1, 5, 4, 7)",1.0
,,"(1, 5, 5, 0)",1.0
,,"(1, 5, 5, 1)",1.0
,,"(1, 5, 5, 2)",1.0
,,"(1, 5, 5, 3)",1.0
,,"(1, 5, 5, 4)",1.0
,,"(1, 5, 5, 5)",1.0
,,"(1, 5, 5, 6)",1.0
,,"(1, 5, 5, 7)",1.0
,,"(1, 5, 6, 0)",1.0
,,"(1, 5, 6, 1)",1.0
,,"(1, 5, 6, 2)",1.0
,,"(1, 5, 6, 3)",1.0
,,"(1, 5, 6, 4)",1.0
,,"(1, 5, 6, 5)",1.0
,,"(1, 5, 6, 6)",1.0
,,"(1, 5, 6, 7)",1.0
,,"(1, 5, 7, 0)",1.0
,,"(1, 5, 7, 1)",1.0
,,"(1, 5, 7, 2)",1.0
,,"(1, 5, 7, 3)",1.0
,,"(1, 5, 7, 4)",1.0
,,"(1, 5, 7, 5)",1.0
,,"(1, 5, 7, 6)",1.0
,,"(1, 5, 7, 7)",1.0
,,"(1, 6, 0, 0)",1.0
,,"(1, 6, 0, 1)",1.0
,,"(1, 6, 0, 2)",1.0
,,"(1, 6, 0, 3)",1.0
,,"(1, 6, 0, 4)",1.0
,,"(1, 6, 0, 5)",1.0
,,"(1, 6, 0, 6)",1.0
,,"(1, 6, 0, 7)",1.0
,,"(1, 6, 1, 0)",1.0
,,"(1, 6, 1, 1)",1.0
,,"(1, 6, 1, 2)",1.0
,,"(1, 6, 1, 3)",1.0
,,"(1, 6, 1, 4)",1.0
,,"(1, 6, 1, 5)",1.0
,,"(1, 6, 1, 6)",1.0
,,"(1, 6, 1, 7)",1.0
,,"(1, 6, 2, 0)",1.0
,,"(1, 6, 2, 1)",1.0
,,"(1, 6, 2, 2)",1.0
,,"(1, 6, 2, 3)",1.0
,,"(1, 6, 2, 4)",1.0
,,"(1, 6, 2, 5)",1.0
,,"(1, 6, 2, 6)",1.0
,,"(1, 6, 2, 7)",1.0
,,"(1, 6, 3, 0)",1.0
,,"(1, 6, 3, 1)",1.0
,,"(1, 6, 3, 2)",1.0
,,"(1, 6, 3, 3)",1.0
,,"(1, 6, 3, 4)",1.0
,,"(1, 6, 3, 5)",1.0
,,"(1, 6, 3, 6)",1.0
,,"(1, 6, 3, 7)",1.0
,,"(1, 6, 4, 0)",1.0
,,"(1, 6, 4, 1)",1.0
,,"(1, 6, 4, 2)",1.0
,,"(1, 6, 4, 3)",1.0
,,"(1, 6, 4, 4)",1.0
,,"(1, 6, 4, 5)",1.0
,,"(1, 6, 4, 6)",1.0
,,"(1, 6, 4, 7)",1.0
,,"(1, 6, 5, 0)",1.0
,,"(1, 6, 5, 1)",1.0
,,"(1, 6, 5, 2)",1.0
,,"(1, 6, 5, 3)",1.0
,,"(1, 6, 5, 4)",1.0
,,"(1, 6, 5, 5)",1.0
,,"(1, 6, 5, 6)",1.0
,,"(1, 6, 5, 7)",1.0
,,"(1, 6, 6, 0)",1.0
,,"(1, 6, 6, 1)",1.0
,,"(1, 6, 6, 2)",1.0
,,"(1, 6, 6, 3)",1.0
,,"(1, 6, 6, 4)",1.0
,,"(1, 6, 6, 5)",1.0
,,"(1, 6, 6, 6)",1.0
,,"(1, 6, 6, 7)",1.0
,,"(1, 6, 7, 0)",1.0
,,"(1, 6, 7, 1)",1.0
,,"(1, 6, 7, 2)",1.0
,,"(1, 6, 7, 3)",1.0
,,"(1, 6, 7, 4)",1.0
,,"(1, 6, 7, 5)",1.0
,,"(1, 6, 7, 6)",1.0
,,"(1, 6, 7, 7)",1.0
,,"(1, 7, 0, 0)",1.0
,,"(1, 7, 0, 1)",1.0
,,"(1, 7, 0, 2)",1.0
,,"(1, 7, 0, 3)",1.0
,,"(1, 7, 0, 4)",1.0
,,"(1, 7, 0, 5)",1.0
,,"(1, 7, 0, 6)",1.0
,,"(1, 7, 0, 7)",1.0
,,"(1, 7, 1, 0)",1.0
,,"(1, 7, 1, 1)",1.0
,,"(1, 7, 1, 2)",1.0
,,"(1, 7, 1, 3)",1.0
,,"(1, 7, 1, 4)",1.0
,,"(1, 7, 1, 5)",1.0
,,"(1, 7, 1, 6)",1.0
,,"(1, 7, 1, 7)",1.0
,,"(1, 7, 2, 0)",1.0
,,"(1, 7, 2, 1)",1.0
,,"(1, 7, 2, 2)",1.0
,,"(1, 7, 2, 3)",1.0
,,"(1, 7, 2, 4)",1.0
,,"(1, 7, 2, 5)",1.0
,,"(1, 7, 2, 6)",1.0
,,"(1, 7, 2, 7)",1.0
,,"(1, 7, 3, 0)",1.0
,,"(1, 7, 3, 1)",1.0
,,"(1, 7, 3, 2)",1.0
,,"(1, 7, 3, 3)",1.0
,,"(1, 7, 3, 4)",1.0
,,"(1, 7, 3, 5)",1.0
,,"(1, 7, 3, 6)",1.0
,,"(1, 7, 3, 7)",1.0
,,"(1, 7, 4, 0)",1.0
,,"(1, 7, 4, 1)",1.0
,,"(1, 7, 4, 2)",1.0
,,"(1, 7, 4, 3)",1.0
,,"(1, 7, 4, 4)",1.0
,,"(1, 7, 4, 5)",1.0
,,"(1, 7, 4, 6)",1.0
,,"(1, 7, 4, 7)",1.0
,,"(1, 7, 5, 0)",1.0
,,"(1, 7, 5, 1)",1.0
,,"(1, 7, 5, 2)",1.0
,,"(1, 7, 5, 3)",1.0
,,"(1, 7, 5, 4)",1.0
,,"(1, 7, 5, 5)",1.0
,,"(1, 7, 5, 6)",1.0
,,"(1, 7, 5, 7)",1.0
,,"(1, 7, 6, 0)",1.0
,,"(1, 7, 6, 1)",1.0
,,"(1, 7, 6, 2)",1.0
,,"(1, 7, 6, 3)",1.0
,,"(1, 7, 6, 4)",1.0
,,"(1, 7, 6, 5)",1.0
,,"(1, 7, 6, 6)",1.0
,,"(1, 7, 6, 7)",1.0
,,"(1, 7, 7, 0)",1.0
,,"(1, 7, 7, 1)",1.0
,,"(1, 7, 7, 2)",1.0
,,"(1, 7, 7, 3)",1.0
,,"(1, 7, 7, 4)",1.0
,,"(1, 7, 7, 5)",1.0
,,"(1, 7, 7, 6)",1.0
,,"(1, 7, 7, 7)",1.0
,,"(4, 0, 0, 0)",0.78
,,"(4, 0, 0, 1)",0.83
,,"(4, 0, 0, 2)",0.8175
,,"(4, 0, 0, 3)",0.815
,,"(4, 0, 0, 4)",0.81
,,"(4, 0, 0, 5)",0.8125
,,"(4, 0, 0, 6)",0.805
,,"(4, 0, 0, 7)",0.8
,,"(4, 0, 1, 0)",0.83
,,"(4, 0, 1, 1)",0.8175
,,"(4, 0, 1, 2)",0.815
,,"(4, 0, 1, 3)",0.81
,,"(4, 0, 1, 4)",0.8125
,,"(4, 0, 1, 5)",0.805
,,"(4, 0, 1, 6)",0.8
,,"(4, 0, 1, 7)",0.7975
,,"(4, 0, 2, 0)",0.8175
,,"(4, 0, 2, 1)",0.815
,,"(4, 0, 2, 2)",0.81
,,"(4, 0, 2, 3)",0.8125
,,"(4, 0, 2, 4)",0.805
,,"(4, 0, 2, 5)",0.8
,,"(4, 0, 2, 6)",0.7975
,,"(4, 0, 2, 7)",0.795
,,"(4, 0, 3, 0)",0.815
,,"(4, 0, 3, 1)",0.81
,,"(4, 0, 3, 2)",0.8125
,,"(4, 0, 3, 3)",0.805
,,"(4, 0, 3, 4)",0.8
,,"(4, 0, 3, 5)",0.7975
,,"(4, 0, 3, 6)",0.795
,,"(4, 0, 3, 7)",0.795
,,"(4, 0, 4, 0)",0.81
,,"(4, 0, 4, 1)",0.8125
,,"(4, 0, 4, 2)",0.805
,,"(4, 0, 4, 3)",0.8
,,"(4, 0, 4, 4)",0.7975
,,"(4, 0, 4, 5)",0.795
,,"(4, 0, 4, 6)",0.795
,,"(4, 0, 4, 7)",0.7975
,,"(4, 0, 5, 0)",0.8125
,,"(4, 0, 5, 1)",0.805
,,"(4, 0, 5, 2)",0.8
,,"(4, 0, 5, 3)",0.7975
,,"(4, 0, 5, 4)",0.795
,,"(4, 0, 5, 5)",0.795
,,"(4, 0, 5, 6)",0.7975
,,"(4, 0, 5, 7)",0.7975
,,"(4, 0, 6, 0)",0.805
,,"(4, 0, 6, 1)",0.8
,,"(4, 0, 6, 2)",0.7975
,,"(4, 0, 6, 3)",0.795
,,"(4, 0, 6, 4)",0.795
,,"(4, 0, 6, 5)",0.7975
,,"(4, 0, 6, 6)",0.7975
,,"(4, 0, 6, 7)",0.795
,,"(4, 0, 7, 0)",0.8
,,"(4, 0, 7, 1)",0.7975
,,"(4, 0, 7, 2)",0.795
,,"(4, 0, 7, 3)",0.795
,,"(4, 0, 7, 4)",0.7975
,,"(4, 0, 7, 5)",0.7975
,,"(4, 0, 7, 6)",0.795
,,"(4, 0, 7, 7)",0.8
,,"(4, 1, 0, 0)",1.0
,,"(4, 1, 0, 1)",1.0
,,"(4, 1, 0, 2)",1.0
,,"(4, 1, 0, 3)",1.0
,,"(4, 1, 0, 4)",1.0
,,"(4, 1, 0, 5)",1.0
,,"(4, 1, 0, 6)",1.0
,,"(4, 1, 0, 7)",1.0
,,"(4, 1, 1, 0)",1.0
,,"(4, 1, 1, 1)",1.0
,,"(4, 1, 1, 2)",1.0
,,"(4, 1, 1, 3)",1.0
,,"(4, 1, 1, 4)",1.0
,,"(4, 1, 1, 5)",1.0
,,"(4, 1, 1, 6)",1.0
,,"(4, 1, 1, 7)",1.0
,,"(4, 1, 2, 0)",1.0
,,"(4, 1, 2, 1)",1.0
,,"(4, 1, 2, 2)",1.0
,,"(4, 1, 2, 3)",1.0
,,"(4, 1, 2, 4)",1.0
,,"(4, 1, 2, 5)",1.0
,,"(4, 1, 2, 6)",1.0
,,"(4, 1, 2, 7)",1.0
,,"(4, 1, 3, 0)",1.0
,,"(4, 1, 3, 1)",1.0
,,"(4, 1, 3, 2)",1.0
,,"(4, 1, 3, 3)",1.0
,,"(4, 1, 3, 4)",1.0
,,"(4, 1, 3, 5)",1.0
,,"(4, 1, 3, 6)",1.0
,,"(4, 1, 3, 7)",1.0
,,"(4, 1, 4, 0)",1.0
,,"(4, 1, 4, 1)",1.0
,,"(4, 1, 4, 2)",1.0
,,"(4, 1, 4, 3)",1.0
,,"(4, 1, 4, 4)",1.0
,,"(4, 1, 4, 5)",1.0
,,"(4, 1, 4, 6)",1.0
,,"(4, 1, 4, 7)",1.0
,,"(4, 1, 5, 0)",1.0
,,"(4, 1, 5, 1)",1.0
,,"(4, 1, 5, 2)",1.0
,,"(4, 1, 5, 3)",1.0
,,"(4, 1, 5, 4)",1.0
,,"(4, 1, 5, 5)",1.0
,,"(4, 1, 5, 6)",1.0
,,"(4, 1, 5, 7)",1.0
,,"(4, 1, 6, 0)",1.0
,,"(4, 1, 6, 1)",1.0
,,"(4, 1, 6, 2)",1.0
,,"(4, 1, 6, 3)",1.0
,,"(4, 1, 6, 4)",1.0
,,"(4, 1, 6, 5)",1.0
,,"(4, 1, 6, 6)",1.0
,,"(4, 1, 6, 7)",1.0
,,"(4, 1, 7, 0)",1.0
,,"(4, 1, 7, 1)",1.0
,,"(4, 1, 7, 2)",1.0
,,"(4, 1, 7, 3)",1.0
,,"(4, 1, 7, 4)",1.0
,,"(4, 1, 7, 5)",1.0
,,"(4, 1, 7, 6)",1.0
,,"(4, 1, 7, 7)",1.0
,,"(4, 2, 0, 0)",1.0
,,"(4, 2, 0, 1)",1.0
,,"(4, 2, 0, 2)",1.0
,,"(4, 2, 0, 3)",1.0
,,"(4, 2, 0, 4)",1.0
,,"(4, 2, 0, 5)",1.0
,,"(4, 2, 0, 6)",1.0
,,"(4, 2, 0, 7)",1.0
,,"(4, 2, 1, 0)",1.0
,,"(4, 2, 1, 1)",1.0
,,"(4, 2, 1, 2)",1.0
,,"(4, 2, 1, 3)",1.0
,,"(4, 2, 1, 4)",1.0
,,"(4, 2, 1, 5)",1.0
,,"(4, 2, 1, 6)",1.0
,,"(4, 2, 1, 7)",1.0
,,"(4, 2, 2, 0)",1.0
,,"(4, 2, 2, 1)",1.0
,,"(4, 2, 2, 2)",1.0
,,"(4, 2, 2, 3)",1.0
,,"(4, 2, 2, 4)",1.0
,,"(4, 2, 2, 5)",1.0
,,"(4, 2, 2, 6)",1.0
,,"(4, 2, 2, 7)",1.0
,,"(4, 2, 3, 0)",1.0
,,"(4, 2, 3, 1)",1.0
,,"(4, 2, 3, 2)",1.0
,,"(4, 2, 3, 3)",1.0
,,"(4, 2, 3, 4)",1.0
,,"(4, 2, 3, 5)",1.0
,,"(4, 2, 3, 6)",1.0
,,"(4, 2, 3, 7)",1.0
,,"(4, 2, 4, 0)",1.0
,,"(4, 2, 4, 1)",1.0
,,"(4, 2, 4, 2)",1.0
,,"(4, 2, 4, 3)",1.0
,,"(4, 2, 4, 4)",1.0
,,"(4, 2, 4, 5)",1.0
,,"(4, 2, 4, 6)",1.0
,,"(4, 2, 4, 7)",1.0
,,"(4, 2, 5, 0)",1.0
,,"(4, 2, 5, 1)",1.0
,,"(4, 2, 5, 2)",1.0
,,"(4, 2, 5, 3)",1.0
,,"(4, 2, 5, 4)",1.0
,,"(4, 2, 5, 5)",1.0
,,"(4, 2, 5, 6)",1.0
,,"(4, 2, 5, 7)",1.0
,,"(4, 2, 6, 0)",1.0
,,"(4, 2, 6, 1)",1.0
,,"(4, 2, 6, 2)",1.0
,,"(4, 2, 6, 3)",1.0
,,"(4, 2, 6, 4)",1.0
,,"(4, 2, 6, 5)",1.0
,,"(4, 2, 6, 6)",1.0
,,"(4, 2, 6, 7)",1.0
,,"(4, 2, 7, 0)",1.0
,,"(4, 2, 7, 1)",1.0
,,"(4, 2, 7, 2)",1.0
,,"(4, 2, 7, 3)",1.0
,,"(4, 2, 7, 4)",1.0
,,"(4, 2, 7, 5)",1.0
,,"(4, 2, 7, 6)",1.0
,,"(4, 2, 7, 7)",1.0
,,"(4, 3, 0, 0)",1.0
,,"(4, 3, 0, 1)",1.0
,,"(4, 3, 0, 2)",1.0
,,"(4, 3, 0, 3)",1.0
,,"(4, 3, 0, 4)",1.0
,,"(4, 3, 0, 5)",1.0
,,"(4, 3, 0, 6)",1.0
,,"(4, 3, 0, 7)",1.0
,,"(4, 3, 1, 0)",1.0
,,"(4, 3, 1, 1)",1.0
,,"(4, 3, 1, 2)",1.0
,,"(4, 3, 1, 3)",1.0
,,"(4, 3, 1, 4)",1.0
,,"(4, 3, 1, 5)",1.0
,,"(4, 3, 1, 6)",1.0
,,"(4, 3, 1, 7)",1.0
,,"(4, 3, 2, 0)",1.0
,,"(4, 3, 2, 1)",1.0
,,"(4, 3, 2, 2)",1.0
,,"(4, 3, 2, 3)",1.0
,,"(4, 3, 2, 4)",1.0
,,"(4, 3, 2, 5)",1.0
,,"(4, 3, 2, 6)",1.0
,,"(4, 3, 2, 7)",1.0
,,"(4, 3, 3, 0)",1.0
,,"(4, 3, 3, 1)",1.0
,,"(4, 3, 3, 2)",1.0
,,"(4, 3, 3, 3)",1.0
,,"(4, 3, 3, 4)",1.0
,,"(4, 3, 3, 5)",1.0
,,"(4, 3, 3, 6)",1.0
,,"(4, 3, 3, 7)",1.0
,,"(4, 3, 4, 0)",1.0
,,"(4, 3, 4, 1)",1.0
,,"(4, 3, 4, 2)",1.0
,,"(4, 3, 4, 3)",1.0
,,"(4, 3, 4, 4)",1.0
,,"(4, 3, 4, 5)",1.0
,,"(4, 3, 4, 6)",1.0
,,"(4, 3, 4, 7)",1.0
,,"(4, 3, 5, 0)",1.0
,,"(4, 3, 5, 1)",1.0
,,"(4, 3, 5, 2)",1.0
,,"(4, 3, 5, 3)",1.0
,,"(4, 3, 5, 4)",1.0
,,"(4, 3, 5, 5)",1.0
,,"(4, 3, 5, 6)",1.0
,,"(4, 3, 5, 7)",1.0
,,"(4, 3, 6, 0)",1.0
,,"(4, 3, 6, 1)",1.0
,,"(4, 3, 6, 2)",1.0
,,"(4, 3, 6, 3)",1.0
,,"(4, 3, 6, 4)",1.0
,,"(4, 3, 6, 5)",1.0
,,"(4, 3, 6, 6)",1.0
,,"(4, 3, 6, 7)",1.0
,,"(4, 3, 7, 0)",1.0
,,"(4, 3, 7, 1)",1.0
,,"(4, 3, 7, 2)",1.0
,,"(4, 3, 7, 3)",1.0
,,"(4, 3, 7, 4)",1.0
,,"(4, 3, 7, 5)",1.0
,,"(4, 3, 7, 6)",1.0
,,"(4, 3, 7, 7)",1.0
,,"(4, 4, 0, 0)",1.0
,,"(4, 4, 0, 1)",1.0
,,"(4, 4, 0, 2)",1.0
,,"(4, 4, 0, 3)",1.0
,,"(4, 4, 0, 4)",1.0
,,"(4, 4, 0, 5)",1.0
,,"(4, 4, 0, 6)",1.0
,,"(4, 4, 0, 7)",1.0
,,"(4, 4, 1, 0)",1.0
,,"(4, 4, 1, 1)",1.0
,,"(4, 4, 1, 2)",1.0
,,"(4, 4, 1, 3)",1.0
,,"(4, 4, 1, 4)",1.0
,,"(4, 4, 1, 5)",1.0
,,"(4, 4, 1, 6)",1.0
,,"(4, 4, 1, 7)",1.0
,,"(4, 4, 2, 0)",1.0
,,"(4, 4, 2, 1)",1.0
,,"(4, 4, 2, 2)",1.0
,,"(4, 4, 2, 3)",1.0
,,"(4, 4, 2, 4)",1.0
,,"(4, 4, 2, 5)",1.0
,,"(4, 4, 2, 6)",1.0
,,"(4, 4, 2, 7)",1.0
,,"(4, 4, 3, 0)",1.0
,,"(4, 4, 3, 1)",1.0
,,"(4, 4, 3, 2)",1.0
,,"(4, 4, 3, 3)",1.0
,,"(4, 4, 3, 4)",1.0
,,"(4, 4, 3, 5)",1.0
,,"(4, 4, 3, 6)",1.0
,,"(4, 4, 3, 7)",1.0
,,"(4, 4, 4, 0)",1.0
,,"(4, 4, 4, 1)",1.0
,,"(4, 4, 4, 2)",1.0
,,"(4, 4, 4, 3)",1.0
,,"(4, 4, 4, 4)",1.0
,,"(4, 4, 4, 5)",1.0
,,"(4, 4, 4, 6)",1.0
,,"(4, 4, 4, 7)",1.0
,,"(4, 4, 5, 0)",1.0
,,"(4, 4, 5, 1)",1.0
,,"(4, 4, 5, 2)",1.0
,,"(4, 4, 5, 3)",1.0
,,"(4, 4, 5, 4)",1.0
,,"(4, 4, 5, 5)",1.0
,,"(4, 4, 5, 6)",1.0
,,"(4, 4, 5, 7)",1.0
,,"(4, 4, 6, 0)",1.0
,,"(4, 4, 6, 1)",1.0
,,"(4, 4, 6, 2)",1.0
,,"(4, 4, 6, 3)",1.0
,,"(4, 4, 6, 4)",1.0
,,"(4, 4, 6, 5)",1.0
,,"(4, 4, 6, 6)",1.0
,,"(4, 4, 6, 7)",1.0
,,"(4, 4, 7, 0)",1.0
,,"(4, 4, 7, 1)",1.0
,,"(4, 4, 7, 2)",1.0
,,"(4, 4, 7, 3)",1.0
,,"(4, 4, 7, 4)",1.0
,,"(4, 4, 7, 5)",1.0
,,"(4, 4, 7, 6)",1.0
,,"(4, 4, 7, 7)",1.0
,,"(4, 5, 0, 0)",1.0
,,"(4, 5, 0, 1)",1.0
,,"(4, 5, 0, 2)",1.0
,,"(4, 5, 0, 3)",1.0
,,"(4, 5, 0, 4)",1.0
,,"(4, 5, 0, 5)",1.0
,,"(4, 5, 0, 6)",1.0
,,"(4, 5, 0, 7)",1.0
,,"(4, 5, 1, 0)",1.0
,,"(4, 5, 1, 1)",1.0
,,"(4, 5, 1, 2)",1.0
,,"(4, 5, 1, 3)",1.0
,,"(4, 5, 1, 4)",1.0
,,"(4, 5, 1, 5)",1.0
,,"(4, 5, 1, 6)",1.0
,,"(4, 5, 1, 7)",1.0
,,"(4, 5, 2, 0)",1.0
,,"(4, 5, 2, 1)",1.0
,,"(4, 5, 2, 2)",1.0
,,"(4, 5, 2, 3)",1.0
,,"(4, 5, 2, 4)",1.0
,,"(4, 5, 2, 5)",1.0
,,"(4, 5, 2, 6)",1.0
,,"(4, 5, 2, 7)",1.0
,,"(4, 5, 3, 0)",1.0
,,"(4, 5, 3, 1)",1.0
,,"(4, 5, 3, 2)",1.0
,,"(4, 5, 3, 3)",1.0
,,"(4, 5, 3, 4)",1.0
,,"(4, 5, 3, 5)",1.0
,,"(4, 5, 3, 6)",1.0
,,"(4, 5, 3, 7)",1.0
,,"(4, 5, 4, 0)",1.0
,,"(4, 5, 4, 1)",1.0
,,"(4, 5, 4, 2)",1.0
,,"(4, 5, 4, 3)",1.0
,,"(4, 5, 4, 4)",1.0
,,"(4, 5, 4, 5)",1.0
,,"(4, 5, 4, 6)",1.0
,,"(4, 5, 4, 7)",1.0
,,"(4, 5, 5, 0)",1.0
,,"(4, 5, 5, 1)",1.0
,,"(4, 5, 5, 2)",1.0
,,"(4, 5, 5, 3)",1.0
,,"(4, 5, 5, 4)",1.0
,,"(4, 5, 5, 5)",1.0
,,"(4, 5, 5, 6)",1.0
,,"(4, 5, 5, 7)",1.0
,,"(4, 5, 6, 0)",1.0
,,"(4, 5, 6, 1)",1.0
,,"(4, 5, 6, 2)",1.0
,,"(4, 5, 6, 3)",1.0
,,"(4, 5, 6, 4)",1.0
,,"(4, 5, 6, 5)",1.0
,,"(4, 5, 6, 6)",1.0
,,"(4, 5, 6, 7)",1.0
,,"(4, 5, 7, 0)",1.0
,,"(4, 5, 7, 1)",1.0
,,"(4, 5, 7, 2)",1.0
,,"(4, 5, 7, 3)",1.0
,,"(4, 5, 7, 4)",1.0
,,"(4, 5, 7, 5)",1.0
,,"(4, 5, 7, 6)",1.0
,,"(4, 5, 7, 7)",1.0
,,"(4, 6, 0, 0)",1.0
,,"(4, 6, 0, 1)",1.0
,,"(4, 6, 0, 2)",1.0
,,"(4, 6, 0, 3)",1.0
,,"(4, 6, 0, 4)",1.0
,,"(4, 6, 0, 5)",1.0
,,"(4, 6, 0, 6)",1.0
,,"(4, 6, 0, 7)",1.0
,,"(4, 6, 1, 0)",1.0
,,"(4, 6, 1, 1)",1.0
,,"(4, 6, 1, 2)",1.0
,,"(4, 6, 1, 3)",1.0
,,"(4, 6, 1, 4)",1.0
,,"(4, 6, 1, 5)",1.0
,,"(4, 6, 1, 6)",1.0
,,"(4, 6, 1, 7)",1.0
,,"(4, 6, 2, 0)",1.0
,,"(4, 6, 2, 1)",1.0
,,"(4, 6, 2, 2)",1.0
,,"(4, 6, 2, 3)",1.0
,,"(4, 6, 2, 4)",1.0
,,"(4, 6, 2, 5)",1.0
,,"(4, 6, 2, 6)",1.0
,,"(4, 6, 2, 7)",1.0
,,"(4, 6, 3, 0)",1.0
,,"(4, 6, 3, 1)",1.0
,,"(4, 6, 3, 2)",1.0
,,"(4, 6, 3, 3)",1.0
,,"(4, 6, 3, 4)",1.0
,,"(4, 6, 3, 5)",1.0
,,"(4, 6, 3, 6)",1.0
,,"(4, 6, 3, 7)",1.0
,,"(4, 6, 4, 0)",1.0
,,"(4, 6, 4, 1)",1.0
,,"(4, 6, 4, 2)",1.0
,,"(4, 6, 4, 3)",1.0
,,"(4, 6, 4, 4)",1.0
,,"(4, 6, 4, 5)",1.0
,,"(4, 6, 4, 6)",1.0
,,"(4, 6, 4, 7)",1.0
,,"(4, 6, 5, 0)",1.0
,,"(4, 6, 5, 1)",1.0
,,"(4, 6, 5, 2)",1.0
,,"(4, 6, 5, 3)",1.0
,,"(4, 6, 5, 4)",1.0
,,"(4, 6, 5, 5)",1.0
,,"(4, 6, 5, 6)",1.0
,,"(4, 6, 5, 7)",1.0
,,"(4, 6, 6, 0)",1.0
,,"(4, 6, 6, 1)",1.0
,,"(4, 6, 6, 2)",1.0
,,"(4, 6, 6, 3)",1.0
,,"(4, 6, 6, 4)",1.0
,,"(4, 6, 6, 5)",1.0
,,"(4, 6, 6, 6)",1.0
,,"(4, 6, 6, 7)",1.0
,,"(4, 6, 7, 0)",1.0
,,"(4, 6, 7, 1)",1.0
,,"(4, 6, 7, 2)",1.0
,,"(4, 6, 7, 3)",1.0
,,"(4, 6, 7, 4)",1.0
,,"(4, 6, 7, 5)",1.0
,,"(4, 6, 7, 6)",1.0
,,"(4, 6, 7, 7)",1.0
,,"(4, 7, 0, 0)",1.0
,,"(4, 7, 0, 1)",1.0
,,"(4, 7, 0, 2)",1.0
,,"(4, 7, 0, 3)",1.0
,,"(4, 7, 0, 4)",1.0
,,"(4, 7, 0, 5)",1.0
,,"(4, 7, 0, 6)",1.0
,,"(4, 7, 0, 7)",1.0
,,"(4, 7, 1, 0)",1.0
,,"(4, 7, 1, 1)",1.0
,,"(4, 7, 1, 2)",1.0
,,"(4, 7, 1, 3)",1.0
,,"(4, 7, 1, 4)",1.0
,,"(4, 7, 1, 5)",1.0
,,"(4, 7, 1, 6)",1.0
,,"(4, 7, 1, 7)",1.0
,,"(4, 7, 2, 0)",1.0
,,"(4, 7, 2, 1)",1.0
,,"(4, 7, 2, 2)",1.0
,,"(4, 7, 2, 3)",1.0
,,"(4, 7, 2, 4)",1.0
,,"(4, 7, 2, 5)",1.0
,,"(4, 7, 2, 6)",1.0
,,"(4, 7, 2, 7)",1.0
,,"(4, 7, 3, 0)",1.0
,,"(4, 7, 3, 1)",1.0
,,"(4, 7, 3, 2)",1.0
,,"(4, 7, 3, 3)",1.0
,,"(4, 7, 3, 4)",1.0
,,"(4, 7, 3, 5)",1.0
,,"(4, 7, 3, 6)",1.0
,,"(4, 7, 3, 7)",1.0
,,"(4, 7, 4, 0)",1.0
,,"(4, 7, 4, 1)",1.0
,,"(4, 7, 4, 2)",1.0
,,"(4, 7, 4, 3)",1.0
,,"(4, 7, 4, 4)",1.0
,,"(4, 7, 4, 5)",1.0
,,"(4, 7, 4, 6)",1.0
,,"(4, 7, 4, 7)",1.0
,,"(4, 7, 5, 0)",1.0
,,"(4, 7, 5, 1)",1.0
,,"(4, 7, 5, 2)",1.0
,,"(4, 7, 5, 3)",1.0
,,"(4, 7, 5, 4)",1.0
,,"(4, 7, 5, 5)",1.0
,,"(4, 7, 5, 6)",1.0
,,"(4, 7, 5, 7)",1.0
,,"(4, 7, 6, 0)",1.0
,,"(4, 7, 6, 1)",1.0
,,"(4, 7, 6, 2)",1.0
,,"(4, 7, 6, 3)",1.0
,,"(4, 7, 6, 4)",1.0
,,"(4, 7, 6, 5)",1.0
,,"(4, 7, 6, 6)",1.0
,,"(4, 7, 6, 7)",1.0
,,"(4, 7, 7, 0)",1.0
,,"(4, 7, 7, 1)",1.0
,,"(4, 7, 7, 2)",1.0
,,"(4, 7, 7, 3)",1.0
,,"(4, 7, 7, 4)",1.0
,,"(4, 7, 7, 5)",1.0
,,"(4, 7, 7, 6)",1.0
,,"(4, 7, 7, 7)",1.0
,,"(6, 0, 0, 0)",0.78
,,"(6, 0, 0, 1)",0.8225
,,"(6, 0, 0, 2)",0.8225
,,"(6, 0, 0, 3)",0.8175
,,"(6, 0, 0, 4)",0.8125
,,"(6, 0, 0, 5)",0.8125
,,"(6, 0, 0, 6)",0.81
,,"(6, 0, 0, 7)",0.815
,,"(6, 0, 1, 0)",0.8225
,,"(6, 0, 1, 1)",0.8225
,,"(6, 0, 1, 2)",0.8175
,,"(6, 0, 1, 3)",0.8125
,,"(6, 0, 1, 4)",0.8125
,,"(6, 0, 1, 5)",0.81
,,"(6, 0, 1, 6)",0.815
,,"(6, 0, 1, 7)",0.8125
,,"(6, 0, 2, 0)",0.8225
,,"(6, 0, 2, 1)",0.8175
,,"(6, 0, 2, 2)",0.8125
,,"(6, 0, 2, 3)",0.8125
,,"(6, 0, 2, 4)",0.81
,,"(6, 0, 2, 5)",0.815
,,"(6, 0, 2, 6)",0.8125
,,"(6, 0, 2, 7)",0.805
,,"(6, 0, 3, 0)",0.8175
,,"(6, 0, 3, 1)",0.8125
,,"(6, 0, 3, 2)",0.8125
,,"(6, 0, 3, 3)",0.81
,,"(6, 0, 3, 4)",0.815
,,"(6, 0, 3, 5)",0.8125
,,"(6, 0, 3, 6)",0.805
,,"(6, 0, 3, 7)",0.8
,,"(6, 0, 4, 0)",0.8125
,,"(6, 0, 4, 1)",0.8125
,,"(6, 0, 4, 2)",0.81
,,"(6, 0, 4, 3)",0.815
,,"(6, 0, 4, 4)",0.8125
,,"(6, 0, 4, 5)",0.805
,,"(6, 0, 4, 6)",0.8
,,"(6, 0, 4, 7)",0.8
,,"(6, 0, 5, 0)",0.8125
,,"(6, 0, 5, 1)",0.81
,,"(6, 0, 5, 2)",0.815
,,"(6, 0, 5, 3)",0.8125
,,"(6, 0, 5, 4)",0.805
,,"(6, 0, 5, 5)",0.8
,,"(6, 0, 5, 6)",0.8
,,"(6, 0, 5, 7)",0.7975
,,"(6, 0, 6, 0)",0.81
,,"(6, 0, 6, 1)",0.815
,,"(6, 0, 6, 2)",0.8125
,,"(6, 0, 6, 3)",0.805
,,"(6, 0, 6, 4)",0.8
,,"(6, 0, 6, 5)",0.8
,,"(6, 0, 6, 6)",0.7975
,,"(6, 0, 6, 7)",0.795
,,"(6, 0, 7, 0)",0.815
,,"(6, 0, 7, 1)",0.8125
,,"(6, 0, 7, 2)",0.805
,,"(6, 0, 7, 3)",0.8
,,"(6, 0, 7, 4)",0.8
,,"(6, 0, 7, 5)",0.7975
,,"(6, 0, 7, 6)",0.795
,,"(6, 0, 7, 7)",0.7975
,,"(6, 1, 0, 0)",1.0
,,"(6, 1, 0, 1)",1.0
,,"(6, 1, 0, 2)",1.0
,,"(6, 1, 0, 3)",1.0
,,"(6, 1, 0, 4)",1.0
,,"(6, 1, 0, 5)",1.0
,,"(6, 1, 0, 6)",1.0
,,"(6, 1, 0, 7)",1.0
,,"(6, 1, 1, 0)",1.0
,,"(6, 1, 1, 1)",1.0
,,"(6, 1, 1, 2)",1.0
,,"(6, 1, 1, 3)",1.0
,,"(6, 1, 1, 4)",1.0
,,"(6, 1, 1, 5)",1.0
,,"(6, 1, 1, 6)",1.0
,,"(6, 1, 1, 7)",1.0
,,"(6, 1, 2, 0)",1.0
,,"(6, 1, 2, 1)",1.0
,,"(6, 1, 2, 2)",1.0
,,"(6, 1, 2, 3)",1.0
,,"(6, 1, 2, 4)",1.0
,,"(6, 1, 2, 5)",1.0
,,"(6, 1, 2, 6)",1.0
,,"(6, 1, 2, 7)",1.0
,,"(6, 1, 3, 0)",1.0
,,"(6, 1, 3, 1)",1.0
,,"(6, 1, 3, 2)",1.0
,,"(6, 1, 3, 3)",1.0
,,"(6, 1, 3, 4)",1.0
,,"(6, 1, 3, 5)",1.0
,,"(6, 1, 3, 6)",1.0
,,"(6, 1, 3, 7)",1.0
,,"(6, 1, 4, 0)",1.0
,,"(6, 1, 4, 1)",1.0
,,"(6, 1, 4, 2)",1.0
,,"(6, 1, 4, 3)",1.0
,,"(6, 1, 4, 4)",1.0
,,"(6, 1, 4, 5)",1.0
,,"(6, 1, 4, 6)",1.0
,,"(6, 1, 4, 7)",1.0
,,"(6, 1, 5, 0)",1.0
,,"(6, 1, 5, 1)",1.0
,,"(6, 1, 5, 2)",1.0
,,"(6, 1, 5, 3)",1.0
,,"(6, 1, 5, 4)",1.0
,,"(6, 1, 5, 5)",1.0
,,"(6, 1, 5, 6)",1.0
,,"(6, 1, 5, 7)",1.0
,,"(6, 1, 6, 0)",1.0
,,"(6, 1, 6, 1)",1.0
,,"(6, 1, 6, 2)",1.0
,,"(6, 1, 6, 3)",1.0
,,"(6, 1, 6, 4)",1.0
,,"(6, 1, 6, 5)",1.0
,,"(6, 1, 6, 6)",1.0
,,"(6, 1, 6, 7)",1.0
,,"(6, 1, 7, 0)",1.0
,,"(6, 1, 7, 1)",1.0
,,"(6, 1, 7, 2)",1.0
,,"(6, 1, 7, 3)",1.0
,,"(6, 1, 7, 4)",1.0
,,"(6, 1, 7, 5)",1.0
,,"(6, 1, 7, 6)",1.0
,,"(6, 1, 7, 7)",1.0
,,"(6, 2, 0, 0)",1.0
,,"(6, 2, 0, 1)",1.0
,,"(6, 2, 0, 2)",1.0
,,"(6, 2, 0, 3)",1.0
,,"(6, 2, 0, 4)",1.0
,,"(6, 2, 0, 5)",1.0
,,"(6, 2, 0, 6)",1.0
,,"(6, 2, 0, 7)",1.0
,,"(6, 2, 1, 0)",1.0
,,"(6, 2, 1, 1)",1.0
,,"(6, 2, 1, 2)",1.0
,,"(6, 2, 1, 3)",1.0
,,"(6, 2, 1, 4)",1.0
,,"(6, 2, 1, 5)",1.0
,,"(6, 2, 1, 6)",1.0
,,"(6, 2, 1, 7)",1.0
,,"(6, 2, 2, 0)",1.0
,,"(6, 2, 2, 1)",1.0
,,"(6, 2, 2, 2)",1.0
,,"(6, 2, 2, 3)",1.0
,,"(6, 2, 2, 4)",1.0
,,"(6, 2, 2, 5)",1.0
,,"(6, 2, 2, 6)",1.0
,,"(6, 2, 2, 7)",1.0
,,"(6, 2, 3, 0)",1.0
,,"(6, 2, 3, 1)",1.0
,,"(6, 2, 3, 2)",1.0
,,"(6, 2, 3, 3)",1.0
,,"(6, 2, 3, 4)",1.0
,,"(6, 2, 3, 5)",1.0
,,"(6, 2, 3, 6)",1.0
,,"(6, 2, 3, 7)",1.0
,,"(6, 2, 4, 0)",1.0
,,"(6, 2, 4, 1)",1.0
,,"(6, 2, 4, 2)",1.0
,,"(6, 2, 4, 3)",1.0
,,"(6, 2, 4, 4)",1.0
,,"(6, 2, 4, 5)",1.0
,,"(6, 2, 4, 6)",1.0
,,"(6, 2, 4, 7)",1.0
,,"(6, 2, 5, 0)",1.0
,,"(6, 2, 5, 1)",1.0
,,"(6, 2, 5, 2)",1.0
,,"(6, 2, 5, 3)",1.0
,,"(6, 2, 5, 4)",1.0
,,"(6, 2, 5, 5)",1.0
,,"(6, 2, 5, 6)",1.0
,,"(6, 2, 5, 7)",1.0
,,"(6, 2, 6, 0)",1.0
,,"(6, 2, 6, 1)",1.0
,,"(6, 2, 6, 2)",1.0
,,"(6, 2, 6, 3)",1.0
,,"(6, 2, 6, 4)",1.0
,,"(6, 2, 6, 5)",1.0
,,"(6, 2, 6, 6)",1.0
,,"(6, 2, 6, 7)",1.0
,,"(6, 2, 7, 0)",1.0
,,"(6, 2, 7, 1)",1.0
,,"(6, 2, 7, 2)",1.0
,,"(6, 2, 7, 3)",1.0
,,"(6, 2, 7, 4)",1.0
,,"(6, 2, 7, 5)",1.0
,,"(6, 2, 7, 6)",1.0
,,"(6, 2, 7, 7)",1.0
,,"(6, 3, 0, 0)",1.0
,,"(6, 3, 0, 1)",1.0
,,"(6, 3, 0, 2)",1.0
,,"(6, 3, 0, 3)",1.0
,,"(6, 3, 0, 4)",1.0
,,"(6, 3, 0, 5)",1.0
,,"(6, 3, 0, 6)",1.0
,,"(6, 3, 0, 7)",1.0
,,"(6, 3, 1, 0)",1.0
,,"(6, 3, 1, 1)",1.0
,,"(6, 3, 1, 2)",1.0
,,"(6, 3, 1, 3)",1.0
,,"(6, 3, 1, 4)",1.0
,,"(6, 3, 1, 5)",1.0
,,"(6, 3, 1, 6)",1.0
,,"(6, 3, 1, 7)",1.0
,,"(6, 3, 2, 0)",1.0
,,"(6, 3, 2, 1)",1.0
,,"(6, 3, 2, 2)",1.0
,,"(6, 3, 2, 3)",1.0
,,"(6, 3, 2, 4)",1.0
,,"(6, 3, 2, 5)",1.0
,,"(6, 3, 2, 6)",1.0
,,"(6, 3, 2, 7)",1.0
,,"(6, 3, 3, 0)",1.0
,,"(6, 3, 3, 1)",1.0
,,"(6, 3, 3, 2)",1.0
,,"(6, 3, 3, 3)",1.0
,,"(6, 3, 3, 4)",1.0
,,"(6, 3, 3, 5)",1.0
,,"(6, 3, 3, 6)",1.0
,,"(6, 3, 3, 7)",1.0
,,"(6, 3, 4, 0)",1.0
,,"(6, 3, 4, 1)",1.0
,,"(6, 3, 4, 2)",1.0
,,"(6, 3, 4, 3)",1.0
,,"(6, 3, 4, 4)",1.0
,,"(6, 3, 4, 5)",1.0
,,"(6, 3, 4, 6)",1.0
,,"(6, 3, 4, 7)",1.0
,,"(6, 3, 5, 0)",1.0
,,"(6, 3, 5, 1)",1.0
,,"(6, 3, 5, 2)",1.0
,,"(6, 3, 5, 3)",1.0
,,"(6, 3, 5, 4)",1.0
,,"(6, 3, 5, 5)",1.0
,,"(6, 3, 5, 6)",1.0
,,"(6, 3, 5, 7)",1.0
,,"(6, 3, 6, 0)",1.0
,,"(6, 3, 6, 1)",1.0
,,"(6, 3, 6, 2)",1.0
,,"(6, 3, 6, 3)",1.0
,,"(6, 3, 6, 4)",1.0
,,"(6, 3, 6, 5)",1.0
,,"(6, 3, 6, 6)",1.0
,,"(6, 3, 6, 7)",1.0
,,"(6, 3, 7, 0)",1.0
,,"(6, 3, 7, 1)",1.0
,,"(6, 3, 7, 2)",1.0
,,"(6, 3, 7, 3)",1.0
,,"(6, 3, 7, 4)",1.0
,,"(6, 3, 7, 5)",1.0
,,"(6, 3, 7, 6)",1.0
,,"(6, 3, 7, 7)",1.0
,,"(6, 4, 0, 0)",1.0
,,"(6, 4, 0, 1)",1.0
,,"(6, 4, 0, 2)",1.0
,,"(6, 4, 0, 3)",1.0
,,"(6, 4, 0, 4)",1.0
,,"(6, 4, 0, 5)",1.0
,,"(6, 4, 0, 6)",1.0
,,"(6, 4, 0, 7)",1.0
,,"(6, 4, 1, 0)",1.0
,,"(6, 4, 1, 1)",1.0
,,"(6, 4, 1, 2)",1.0
,,"(6, 4, 1, 3)",1.0
,,"(6, 4, 1, 4)",1.0
,,"(6, 4, 1, 5)",1.0
,,"(6, 4, 1, 6)",1.0
,,"(6, 4, 1, 7)",1.0
,,"(6, 4, 2, 0)",1.0
,,"(6, 4, 2, 1)",1.0
,,"(6, 4, 2, 2)",1.0
,,"(6, 4, 2, 3)",1.0
,,"(6, 4, 2, 4)",1.0
,,"(6, 4, 2, 5)",1.0
,,"(6, 4, 2, 6)",1.0
,,"(6, 4, 2, 7)",1.0
,,"(6, 4, 3, 0)",1.0
,,"(6, 4, 3, 1)",1.0
,,"(6, 4, 3, 2)",1.0
,,"(6, 4, 3, 3)",1.0
,,"(6, 4, 3, 4)",1.0
,,"(6, 4, 3, 5)",1.0
,,"(6, 4, 3, 6)",1.0
,,"(6, 4, 3, 7)",1.0
,,"(6, 4, 4, 0)",1.0
,,"(6, 4, 4, 1)",1.0
,,"(6, 4, 4, 2)",1.0
,,"(6, 4, 4, 3)",1.0
,,"(6, 4, 4, 4)",1.0
,,"(6, 4, 4, 5)",1.0
,,"(6, 4, 4, 6)",1.0
,,"(6, 4, 4, 7)",1.0
,,"(6, 4, 5, 0)",1.0
,,"(6, 4, 5, 1)",1.0
,,"(6, 4, 5, 2)",1.0
,,"(6, 4, 5, 3)",1.0
,,"(6, 4, 5, 4)",1.0
,,"(6, 4, 5, 5)",1.0
,,"(6, 4, 5, 6)",1.0
,,"(6, 4, 5, 7)",1.0
,,"(6, 4, 6, 0)",1.0
,,"(6, 4, 6, 1)",1.0
,,"(6, 4, 6, 2)",1.0
,,"(6, 4, 6, 3)",1.0
,,"(6, 4, 6, 4)",1.0
,,"(6, 4, 6, 5)",1.0
,,"(6, 4, 6, 6)",1.0
,,"(6, 4, 6, 7)",1.0
,,"(6, 4, 7, 0)",1.0
,,"(6, 4, 7, 1)",1.0
,,"(6, 4, 7, 2)",1.0
,,"(6, 4, 7, 3)",1.0
,,"(6, 4, 7, 4)",1.0
,,"(6, 4, 7, 5)",1.0
,,"(6, 4, 7, 6)",1.0
,,"(6, 4, 7, 7)",1.0
,,"(6, 5, 0, 0)",1.0
,,"(6, 5, 0, 1)",1.0
,,"(6, 5, 0, 2)",1.0
,,"(6, 5, 0, 3)",1.0
,,"(6, 5, 0, 4)",1.0
,,"(6, 5, 0, 5)",1.0
,,"(6, 5, 0, 6)",1.0
,,"(6, 5, 0, 7)",1.0
,,"(6, 5, 1, 0)",1.0
,,"(6, 5, 1, 1)",1.0
,,"(6, 5, 1, 2)",1.0
,,"(6, 5, 1, 3)",1.0
,,"(6, 5, 1, 4)",1.0
,,"(6, 5, 1, 5)",1.0
,,"(6, 5, 1, 6)",1.0
,,"(6, 5, 1, 7)",1.0
,,"(6, 5, 2, 0)",1.0
,,"(6, 5, 2, 1)",1.0
,,"(6, 5, 2, 2)",1.0
,,"(6, 5, 2, 3)",1.0
,,"(6, 5, 2, 4)",1.0
,,"(6, 5, 2, 5)",1.0
,,"(6, 5, 2, 6)",1.0
,,"(6, 5, 2, 7)",1.0
,,"(6, 5, 3, 0)",1.0
,,"(6, 5, 3, 1)",1.0
,,"(6, 5, 3, 2)",1.0
,,"(6, 5, 3, 3)",1.0
,,"(6, 5, 3, 4)",1.0
,,"(6, 5, 3, 5)",1.0
,,"(6, 5, 3, 6)",1.0
,,"(6, 5, 3, 7)",1.0
,,"(6, 5, 4, 0)",1.0
,,"(6, 5, 4, 1)",1.0
,,"(6, 5, 4, 2)",1.0
,,"(6, 5, 4, 3)",1.0
,,"(6, 5, 4, 4)",1.0
,,"(6, 5, 4, 5)",1.0
,,"(6, 5, 4, 6)",1.0
,,"(6, 5, 4, 7)",1.0
,,"(6, 5, 5, 0)",1.0
,,"(6, 5, 5, 1)",1.0
,,"(6, 5, 5, 2)",1.0
,,"(6, 5, 5, 3)",1.0
,,"(6, 5, 5, 4)",1.0
,,"(6, 5, 5, 5)",1.0
,,"(6, 5, 5, 6)",1.0
,,"(6, 5, 5, 7)",1.0
,,"(6, 5, 6, 0)",1.0
,,"(6, 5, 6, 1)",1.0
,,"(6, 5, 6, 2)",1.0
,,"(6, 5, 6, 3)",1.0
,,"(6, 5, 6, 4)",1.0
,,"(6, 5, 6, 5)",1.0
,,"(6, 5, 6, 6)",1.0
,,"(6, 5, 6, 7)",1.0
,,"(6, 5, 7, 0)",1.0
,,"(6, 5, 7, 1)",1.0
,,"(6, 5, 7, 2)",1.0
,,"(6, 5, 7, 3)",1.0
,,"(6, 5, 7, 4)",1.0
,,"(6, 5, 7, 5)",1.0
,,"(6, 5, 7, 6)",1.0
,,"(6, 5, 7, 7)",1.0
,,"(6, 6, 0, 0)",1.0
,,"(6, 6, 0, 1)",1.0
,,"(6, 6, 0, 2)",1.0
,,"(6, 6, 0, 3)",1.0
,,"(6, 6, 0, 4)",1.0
,,"(6, 6, 0, 5)",1.0
,,"(6, 6, 0, 6)",1.0
,,"(6, 6, 0, 7)",1.0
,,"(6, 6, 1, 0)",1.0
,,"(6, 6, 1, 1)",1.0
,,"(6, 6, 1, 2)",1.0
,,"(6, 6, 1, 3)",1.0
,,"(6, 6, 1, 4)",1.0
,,"(6, 6, 1, 5)",1.0
,,"(6, 6, 1, 6)",1.0
,,"(6, 6, 1, 7)",1.0
,,"(6, 6, 2, 0)",1.0
,,"(6, 6, 2, 1)",1.0
,,"(6, 6, 2, 2)",1.0
,,"(6, 6, 2, 3)",1.0
,,"(6, 6, 2, 4)",1.0
,,"(6, 6, 2, 5)",1.0
,,"(6, 6, 2, 6)",1.0
,,"(6, 6, 2, 7)",1.0
,,"(6, 6, 3, 0)",1.0
,,"(6, 6, 3, 1)",1.0
,,"(6, 6, 3, 2)",1.0
,,"(6, 6, 3, 3)",1.0
,,"(6, 6, 3, 4)",1.0
,,"(6, 6, 3, 5)",1.0
,,"(6, 6, 3, 6)",1.0
,,"(6, 6, 3, 7)",1.0
,,"(6, 6, 4, 0)",1.0
,,"(6, 6, 4, 1)",1.0
,,"(6, 6, 4, 2)",1.0
,,"(6, 6, 4, 3)",1.0
,,"(6, 6, 4, 4)",1.0
,,"(6, 6, 4, 5)",1.0
,,"(6, 6, 4, 6)",1.0
,,"(6, 6, 4, 7)",1.0
,,"(6, 6, 5, 0)",1.0
,,"(6, 6, 5, 1)",1.0
,,"(6, 6, 5, 2)",1.0
,,"(6, 6, 5, 3)",1.0
,,"(6, 6, 5, 4)",1.0
,,"(6, 6, 5, 5)",1.0
,,"(6, 6, 5, 6)",1.0
,,"(6, 6, 5, 7)",1.0
,,"(6, 6, 6, 0)",1.0
,,"(6, 6, 6, 1)",1.0
,,"(6, 6, 6, 2)",1.0
,,"(6, 6, 6, 3)",1.0
,,"(6, 6, 6, 4)",1.0
,,"(6, 6, 6, 5)",1.0
,,"(6, 6, 6, 6)",1.0
,,"(6, 6, 6, 7)",1.0
,,"(6, 6, 7, 0)",1.0
,,"(6, 6, 7, 1)",1.0
,,"(6, 6, 7, 2)",1.0
,,"(6, 6, 7, 3)",1.0
,,"(6, 6, 7, 4)",1.0
,,"(6, 6, 7, 5)",1.0
,,"(6, 6, 7, 6)",1.0
,,"(6, 6, 7, 7)",1.0
,,"(6, 7, 0, 0)",1.0
,,"(6, 7, 0, 1)",1.0
,,"(6, 7, 0, 2)",1.0
,,"(6, 7, 0, 3)",1.0
,,"(6, 7, 0, 4)",1.0
,,"(6, 7, 0, 5)",1.0
,,"(6, 7, 0, 6)",1.0
,,"(6, 7, 0, 7)",1.0
,,"(6, 7, 1, 0)",1.0
,,"(6, 7, 1, 1)",1.0
,,"(6, 7, 1, 2)",1.0
,,"(6, 7, 1, 3)",1.0
,,"(6, 7, 1, 4)",1.0
,,"(6, 7, 1, 5)",1.0
,,"(6, 7, 1, 6)",1.0
,,"(6, 7, 1, 7)",1.0
,,"(6, 7, 2, 0)",1.0
,,"(6, 7, 2, 1)",1.0
,,"(6, 7, 2, 2)",1.0
,,"(6, 7, 2, 3)",1.0
,,"(6, 7, 2, 4)",1.0
,,"(6, 7, 2, 5)",1.0
,,"(6, 7, 2, 6)",1.0
,,"(6, 7, 2, 7)",1.0
,,"(6, 7, 3, 0)",1.0
,,"(6, 7, 3, 1)",1.0
,,"(6, 7, 3, 2)",1.0
,,"(6, 7, 3, 3)",1.0
,,"(6, 7, 3, 4)",1.0
,,"(6, 7, 3, 5)",1.0
,,"(6, 7, 3, 6)",1.0
,,"(6, 7, 3, 7)",1.0
,,"(6, 7, 4, 0)",1.0
,,"(6, 7, 4, 1)",1.0
,,"(6, 7, 4, 2)",1.0
,,"(6, 7, 4, 3)",1.0
,,"(6, 7, 4, 4)",1.0
,,"(6, 7, 4, 5)",1.0
,,"(6, 7, 4, 6)",1.0
,,"(6, 7, 4, 7)",1.0
,,"(6, 7, 5, 0)",1.0
,,"(6, 7, 5, 1)",1.0
,,"(6, 7, 5, 2)",1.0
,,"(6, 7, 5, 3)",1.0
,,"(6, 7, 5, 4)",1.0
,,"(6, 7, 5, 5)",1.0
,,"(6, 7, 5, 6)",1.0
,,"(6, 7, 5, 7)",1.0
,,"(6, 7, 6, 0)",1.0
,,"(6, 7, 6, 1)",1.0
,,"(6, 7, 6, 2)",1.0
,,"(6, 7, 6, 3)",1.0
,,"(6, 7, 6, 4)",1.0
,,"(6, 7, 6, 5)",1.0
,,"(6, 7, 6, 6)",1.0
,,"(6, 7, 6, 7)",1.0
,,"(6, 7, 7, 0)",1.0
,,"(6, 7, 7, 1)",1.0
,,"(6, 7, 7, 2)",1.0
,,"(6, 7, 7, 3)",1.0
,,"(6, 7, 7, 4)",1.0
,,"(6, 7, 7, 5)",1.0
,,"(6, 7, 7, 6)",1.0
,,"(6, 7, 7, 7)",1.0
,,"(7, 0, 0, 0)",0.78
,,"(7, 0, 0, 1)",0.8275
,,"(7, 0, 0, 2)",0.8325
,,"(7, 0, 0, 3)",0.8175
,,"(7, 0, 0, 4)",0.82
,,"(7, 0, 0, 5)",0.815
,,"(7, 0, 0, 6)",0.8125
,,"(7, 0, 0, 7)",0.81
,,"(7, 0, 1, 0)",0.8275
,,"(7, 0, 1, 1)",0.8325
,,"(7, 0, 1, 2)",0.8175
,,"(7, 0, 1, 3)",0.82
,,"(7, 0, 1, 4)",0.815
,,"(7, 0, 1, 5)",0.8125
,,"(7, 0, 1, 6)",0.81
,,"(7, 0, 1, 7)",0.815
,,"(7, 0, 2, 0)",0.8325
,,"(7, 0, 2, 1)",0.8175
,,"(7, 0, 2, 2)",0.82
,,"(7, 0, 2, 3)",0.815
,,"(7, 0, 2, 4)",0.8125
,,"(7, 0, 2, 5)",0.81
,,"(7, 0, 2, 6)",0.815
,,"(7, 0, 2, 7)",0.8125
,,"(7, 0, 3, 0)",0.8175
,,"(7, 0, 3, 1)",0.82
,,"(7, 0, 3, 2)",0.815
,,"(7, 0, 3, 3)",0.8125
,,"(7, 0, 3, 4)",0.81
,,"(7, 0, 3, 5)",0.815
,,"(7, 0, 3, 6)",0.8125
,,"(7, 0, 3, 7)",0.8125
,,"(7, 0, 4, 0)",0.82
,,"(7, 0, 4, 1)",0.815
,,"(7, 0, 4, 2)",0.8125
,,"(7, 0, 4, 3)",0.81
,,"(7, 0, 4, 4)",0.815
,,"(7, 0, 4, 5)",0.8125
,,"(7, 0, 4, 6)",0.8125
,,"(7, 0, 4, 7)",0.8025
,,"(7, 0, 5, 0)",0.815
,,"(7, 0, 5, 1)",0.8125
,,"(7, 0, 5, 2)",0.81
,,"(7, 0, 5, 3)",0.815
,,"(7, 0, 5, 4)",0.8125
,,"(7, 0, 5, 5)",0.8125
,,"(7, 0, 5, 6)",0.8025
,,"(7, 0, 5, 7)",0.8
,,"(7, 0, 6, 0)",0.8125
,,"(7, 0, 6, 1)",0.81
,,"(7, 0, 6, 2)",0.815
,,"(7, 0, 6, 3)",0.8125
,,"(7, 0, 6, 4)",0.8125
,,"(7, 0, 6, 5)",0.8025
,,"(7, 0, 6, 6)",0.8
,,"(7, 0, 6, 7)",0.8
,,"(7, 0, 7, 0)",0.81
,,"(7, 0, 7, 1)",0.815
,,"(7, 0, 7, 2)",0.8125
,,"(7, 0, 7, 3)",0.8125
,,"(7, 0, 7, 4)",0.8025
,,"(7, 0, 7, 5)",0.8
,,"(7, 0, 7, 6)",0.8
,,"(7, 0, 7, 7)",0.7975
,,"(7, 1, 0, 0)",1.0
,,"(7, 1, 0, 1)",1.0
,,"(7, 1, 0, 2)",1.0
,,"(7, 1, 0, 3)",1.0
,,"(7, 1, 0, 4)",1.0
,,"(7, 1, 0, 5)",1.0
,,"(7, 1, 0, 6)",1.0
,,"(7, 1, 0, 7)",1.0
,,"(7, 1, 1, 0)",1.0
,,"(7, 1, 1, 1)",1.0
,,"(7, 1, 1, 2)",1.0
,,"(7, 1, 1, 3)",1.0
,,"(7, 1, 1, 4)",1.0
,,"(7, 1, 1, 5)",1.0
,,"(7, 1, 1, 6)",1.0
,,"(7, 1, 1, 7)",1.0
,,"(7, 1, 2, 0)",1.0
,,"(7, 1, 2, 1)",1.0
,,"(7, 1, 2, 2)",1.0
,,"(7, 1, 2, 3)",1.0
,,"(7, 1, 2, 4)",1.0
,,"(7, 1, 2, 5)",1.0
,,"(7, 1, 2, 6)",1.0
,,"(7, 1, 2, 7)",1.0
,,"(7, 1, 3, 0)",1.0
,,"(7, 1, 3, 1)",1.0
,,"(7, 1, 3, 2)",1.0
,,"(7, 1, 3, 3)",1.0
,,"(7, 1, 3, 4)",1.0
,,"(7, 1, 3, 5)",1.0
,,"(7, 1, 3, 6)",1.0
,,"(7, 1, 3, 7)",1.0
,,"(7, 1, 4, 0)",1.0
,,"(7, 1, 4, 1)",1.0
,,"(7, 1, 4, 2)",1.0
,,"(7, 1, 4, 3)",1.0
,,"(7, 1, 4, 4)",1.0
,,"(7, 1, 4, 5)",1.0
,,"(7, 1, 4, 6)",1.0
,,"(7, 1, 4, 7)",1.0
,,"(7, 1, 5, 0)",1.0
,,"(7, 1, 5, 1)",1.0
,,"(7, 1, 5, 2)",1.0
,,"(7, 1, 5, 3)",1.0
,,"(7, 1, 5, 4)",1.0
,,"(7, 1, 5, 5)",1.0
,,"(7, 1, 5, 6)",1.0
,,"(7, 1, 5, 7)",1.0
,,"(7, 1, 6, 0)",1.0
,,"(7, 1, 6, 1)",1.0
,,"(7, 1, 6, 2)",1.0
,,"(7, 1, 6, 3)",1.0
,,"(7, 1, 6, 4)",1.0
,,"(7, 1, 6, 5)",1.0
,,"(7, 1, 6, 6)",1.0
,,"(7, 1, 6, 7)",1.0
,,"(7, 1, 7, 0)",1.0
,,"(7, 1, 7, 1)",1.0
,,"(7, 1, 7, 2)",1.0
,,"(7, 1, 7, 3)",1.0
,,"(7, 1, 7, 4)",1.0
,,"(7, 1, 7, 5)",1.0
,,"(7, 1, 7, 6)",1.0
,,"(7, 1, 7, 7)",1.0
,,"(7, 2, 0, 0)",1.0
,,"(7, 2, 0, 1)",1.0
,,"(7, 2, 0, 2)",1.0
,,"(7, 2, 0, 3)",1.0
,,"(7, 2, 0, 4)",1.0
,,"(7, 2, 0, 5)",1.0
,,"(7, 2, 0, 6)",1.0
,,"(7, 2, 0, 7)",1.0
,,"(7, 2, 1, 0)",1.0
,,"(7, 2, 1, 1)",1.0
,,"(7, 2, 1, 2)",1.0
,,"(7, 2, 1, 3)",1.0
,,"(7, 2, 1, 4)",1.0
,,"(7, 2, 1, 5)",1.0
,,"(7, 2, 1, 6)",1.0
,,"(7, 2, 1, 7)",1.0
,,"(7, 2, 2, 0)",1.0
,,"(7, 2, 2, 1)",1.0
,,"(7, 2, 2, 2)",1.0
,,"(7, 2, 2, 3)",1.0
,,"(7, 2, 2, 4)",1.0
,,"(7, 2, 2, 5)",1.0
,,"(7, 2, 2, 6)",1.0
,,"(7, 2, 2, 7)",1.0
,,"(7, 2, 3, 0)",1.0
,,"(7, 2, 3, 1)",1.0
,,"(7, 2, 3, 2)",1.0
,,"(7, 2, 3, 3)",1.0
,,"(7, 2, 3, 4)",1.0
,,"(7, 2, 3, 5)",1.0
,,"(7, 2, 3, 6)",1.0
,,"(7, 2, 3, 7)",1.0
,,"(7, 2, 4, 0)",1.0
,,"(7, 2, 4, 1)",1.0
,,"(7, 2, 4, 2)",1.0
,,"(7, 2, 4, 3)",1.0
,,"(7, 2, 4, 4)",1.0
,,"(7, 2, 4, 5)",1.0
,,"(7, 2, 4, 6)",1.0
,,"(7, 2, 4, 7)",1.0
,,"(7, 2, 5, 0)",1.0
,,"(7, 2, 5, 1)",1.0
,,"(7, 2, 5, 2)",1.0
,,"(7, 2, 5, 3)",1.0
,,"(7, 2, 5, 4)",1.0
,,"(7, 2, 5, 5)",1.0
,,"(7, 2, 5, 6)",1.0
,,"(7, 2, 5, 7)",1.0
,,"(7, 2, 6, 0)",1.0
,,"(7, 2, 6, 1)",1.0
,,"(7, 2, 6, 2)",1.0
,,"(7, 2, 6, 3)",1.0
,,"(7, 2, 6, 4)",1.0
,,"(7, 2, 6, 5)",1.0
,,"(7, 2, 6, 6)",1.0
,,"(7, 2, 6, 7)",1.0
,,"(7, 2, 7, 0)",1.0
,,"(7, 2, 7, 1)",1.0
,,"(7, 2, 7, 2)",1.0
,,"(7, 2, 7, 3)",1.0
,,"(7, 2, 7, 4)",1.0
,,"(7, 2, 7, 5)",1.0
,,"(7, 2, 7, 6)",1.0
,,"(7, 2, 7, 7)",1.0
,,"(7, 3, 0, 0)",1.0
,,"(7, 3, 0, 1)",1.0
,,"(7, 3, 0, 2)",1.0
,,"(7, 3, 0, 3)",1.0
,,"(7, 3, 0, 4)",1.0
,,"(7, 3, 0, 5)",1.0
,,"(7, 3, 0, 6)",1.0
,,"(7, 3, 0, 7)",1.0
,,"(7, 3, 1, 0)",1.0
,,"(7, 3, 1, 1)",1.0
,,"(7, 3, 1, 2)",1.0
,,"(7, 3, 1, 3)",1.0
,,"(7, 3, 1, 4)",1.0
,,"(7, 3, 1, 5)",1.0
,,"(7, 3, 1, 6)",1.0
,,"(7, 3, 1, 7)",1.0
,,"(7, 3, 2, 0)",1.0
,,"(7, 3, 2, 1)",1.0
,,"(7, 3, 2, 2)",1.0
,,"(7, 3, 2, 3)",1.0
,,"(7, 3, 2, 4)",1.0
,,"(7, 3, 2, 5)",1.0
,,"(7, 3, 2, 6)",1.0
,,"(7, 3, 2, 7)",1.0
,,"(7, 3, 3, 0)",1.0
,,"(7, 3, 3, 1)",1.0
,,"(7, 3, 3, 2)",1.0
,,"(7, 3, 3, 3)",1.0
,,"(7, 3, 3, 4)",1.0
,,"(7, 3, 3, 5)",1.0
,,"(7, 3, 3, 6)",1.0
,,"(7, 3, 3, 7)",1.0
,,"(7, 3, 4, 0)",1.0
,,"(7, 3, 4, 1)",1.0
,,"(7, 3, 4, 2)",1.0
,,"(7, 3, 4, 3)",1.0
,,"(7, 3, 4, 4)",1.0
,,"(7, 3, 4, 5)",1.0
,,"(7, 3, 4, 6)",1.0
,,"(7, 3, 4, 7)",1.0
,,"(7, 3, 5, 0)",1.0
,,"(7, 3, 5, 1)",1.0
,,"(7, 3, 5, 2)",1.0
,,"(7, 3, 5, 3)",1.0
,,"(7, 3, 5, 4)",1.0
,,"(7, 3, 5, 5)",1.0
,,"(7, 3, 5, 6)",1.0
,,"(7, 3, 5, 7)",1.0
,,"(7, 3, 6, 0)",1.0
,,"(7, 3, 6, 1)",1.0
,,"(7, 3, 6, 2)",1.0
,,"(7, 3, 6, 3)",1.0
,,"(7, 3, 6, 4)",1.0
,,"(7, 3, 6, 5)",1.0
,,"(7, 3, 6, 6)",1.0
,,"(7, 3, 6, 7)",1.0
,,"(7, 3, 7, 0)",1.0
,,"(7, 3, 7, 1)",1.0
,,"(7, 3, 7, 2)",1.0
,,"(7, 3, 7, 3)",1.0
,,"(7, 3, 7, 4)",1.0
,,"(7, 3, 7, 5)",1.0
,,"(7, 3, 7, 6)",1.0
,,"(7, 3, 7, 7)",1.0
,,"(7, 4, 0, 0)",1.0
,,"(7, 4, 0, 1)",1.0
,,"(7, 4, 0, 2)",1.0
,,"(7, 4, 0, 3)",1.0
,,"(7, 4, 0, 4)",1.0
,,"(7, 4, 0, 5)",1.0
,,"(7, 4, 0, 6)",1.0
,,"(7, 4, 0, 7)",1.0
,,"(7, 4, 1, 0)",1.0
,,"(7, 4, 1, 1)",1.0
,,"(7, 4, 1, 2)",1.0
,,"(7, 4, 1, 3)",1.0
,,"(7, 4, 1, 4)",1.0
,,"(7, 4, 1, 5)",1.0
,,"(7, 4, 1, 6)",1.0
,,"(7, 4, 1, 7)",1.0
,,"(7, 4, 2, 0)",1.0
,,"(7, 4, 2, 1)",1.0
,,"(7, 4, 2, 2)",1.0
,,"(7, 4, 2, 3)",1.0
,,"(7, 4, 2, 4)",1.0
,,"(7, 4, 2, 5)",1.0
,,"(7, 4, 2, 6)",1.0
,,"(7, 4, 2, 7)",1.0
,,"(7, 4, 3, 0)",1.0
,,"(7, 4, 3, 1)",1.0
,,"(7, 4, 3, 2)",1.0
,,"(7, 4, 3, 3)",1.0
,,"(7, 4, 3, 4)",1.0
,,"(7, 4, 3, 5)",1.0
,,"(7, 4, 3, 6)",1.0
,,"(7, 4, 3, 7)",1.0
,,"(7, 4, 4, 0)",1.0
,,"(7, 4, 4, 1)",1.0
,,"(7, 4, 4, 2)",1.0
,,"(7, 4, 4, 3)",1.0
,,"(7, 4, 4, 4)",1.0
,,"(7, 4, 4, 5)",1.0
,,"(7, 4, 4, 6)",1.0
,,"(7, 4, 4, 7)",1.0
,,"(7, 4, 5, 0)",1.0
,,"(7, 4, 5, 1)",1.0
,,"(7, 4, 5, 2)",1.0
,,"(7, 4, 5, 3)",1.0
,,"(7, 4, 5, 4)",1.0
,,"(7, 4, 5, 5)",1.0
,,"(7, 4, 5, 6)",1.0
,,"(7, 4, 5, 7)",1.0
,,"(7, 4, 6, 0)",1.0
,,"(7, 4, 6, 1)",1.0
,,"(7, 4, 6, 2)",1.0
,,"(7, 4, 6, 3)",1.0
,,"(7, 4, 6, 4)",1.0
,,"(7, 4, 6, 5)",1.0
,,"(7, 4, 6, 6)",1.0
,,"(7, 4, 6, 7)",1.0
,,"(7, 4, 7, 0)",1.0
,,"(7, 4, 7, 1)",1.0
,,"(7, 4, 7, 2)",1.0
,,"(7, 4, 7, 3)",1.0
,,"(7, 4, 7, 4)",1.0
,,"(7, 4, 7, 5)",1.0
,,"(7, 4, 7, 6)",1.0
,,"(7, 4, 7, 7)",1.0
,,"(7, 5, 0, 0)",1.0
,,"(7, 5, 0, 1)",1.0
,,"(7, 5, 0, 2)",1.0
,,"(7, 5, 0, 3)",1.0
,,"(7, 5, 0, 4)",1.0
,,"(7, 5, 0, 5)",1.0
,,"(7, 5, 0, 6)",1.0
,,"(7, 5, 0, 7)",1.0
,,"(7, 5, 1, 0)",1.0
,,"(7, 5, 1, 1)",1.0
,,"(7, 5, 1, 2)",1.0
,,"(7, 5, 1, 3)",1.0
,,"(7, 5, 1, 4)",1.0
,,"(7, 5, 1, 5)",1.0
,,"(7, 5, 1, 6)",1.0
,,"(7, 5, 1, 7)",1.0
,,"(7, 5, 2, 0)",1.0
,,"(7, 5, 2, 1)",1.0
,,"(7, 5, 2, 2)",1.0
,,"(7, 5, 2, 3)",1.0
,,"(7, 5, 2, 4)",1.0
,,"(7, 5, 2, 5)",1.0
,,"(7, 5, 2, 6)",1.0
,,"(7, 5, 2, 7)",1.0
,,"(7, 5, 3, 0)",1.0
,,"(7, 5, 3, 1)",1.0
,,"(7, 5, 3, 2)",1.0
,,"(7, 5, 3, 3)",1.0
,,"(7, 5, 3, 4)",1.0
,,"(7, 5, 3, 5)",1.0
,,"(7, 5, 3, 6)",1.0
,,"(7, 5, 3, 7)",1.0
,,"(7, 5, 4, 0)",1.0
,,"(7, 5, 4, 1)",1.0
,,"(7, 5, 4, 2)",1.0
,,"(7, 5, 4, 3)",1.0
,,"(7, 5, 4, 4)",1.0
,,"(7, 5, 4, 5)",1.0
,,"(7, 5, 4, 6)",1.0
,,"(7, 5, 4, 7)",1.0
,,"(7, 5, 5, 0)",1.0
,,"(7, 5, 5, 1)",1.0
,,"(7, 5, 5, 2)",1.0
,,"(7, 5, 5, 3)",1.0
,,"(7, 5, 5, 4)",1.0
,,"(7, 5, 5, 5)",1.0
,,"(7, 5, 5, 6)",1.0
,,"(7, 5, 5, 7)",1.0
,,"(7, 5, 6, 0)",1.0
,,"(7, 5, 6, 1)",1.0
,,"(7, 5, 6, 2)",1.0
,,"(7, 5, 6, 3)",1.0
,,"(7, 5, 6, 4)",1.0
,,"(7, 5, 6, 5)",1.0
,,"(7, 5, 6, 6)",1.0
,,"(7, 5, 6, 7)",1.0
,,"(7, 5, 7, 0)",1.0
,,"(7, 5, 7, 1)",1.0
,,"(7, 5, 7, 2)",1.0
,,"(7, 5, 7, 3)",1.0
,,"(7, 5, 7, 4)",1.0
,,"(7, 5, 7, 5)",1.0
,,"(7, 5, 7, 6)",1.0
,,"(7, 5, 7, 7)",1.0
,,"(7, 6, 0, 0)",1.0
,,"(7, 6, 0, 1)",1.0
,,"(7, 6, 0, 2)",1.0
,,"(7, 6, 0, 3)",1.0
,,"(7, 6, 0, 4)",1.0
,,"(7, 6, 0, 5)",1.0
,,"(7, 6, 0, 6)",1.0
,,"(7, 6, 0, 7)",1.0
,,"(7, 6, 1, 0)",1.0
,,"(7, 6, 1, 1)",1.0
,,"(7, 6, 1, 2)",1.0
,,"(7, 6, 1, 3)",1.0
,,"(7, 6, 1, 4)",1.0
,,"(7, 6, 1, 5)",1.0
,,"(7, 6, 1, 6)",1.0
,,"(7, 6, 1, 7)",1.0
,,"(7, 6, 2, 0)",1.0
,,"(7, 6, 2, 1)",1.0
,,"(7, 6, 2, 2)",1.0
,,"(7, 6, 2, 3)",1.0
,,"(7, 6, 2, 4)",1.0
,,"(7, 6, 2, 5)",1.0
,,"(7, 6, 2, 6)",1.0
,,"(7, 6, 2, 7)",1.0
,,"(7, 6, 3, 0)",1.0
,,"(7, 6, 3, 1)",1.0
,,"(7, 6, 3, 2)",1.0
,,"(7, 6, 3, 3)",1.0
,,"(7, 6, 3, 4)",1.0
,,"(7, 6, 3, 5)",1.0
,,"(7, 6, 3, 6)",1.0
,,"(7, 6, 3, 7)",1.0
,,"(7, 6, 4, 0)",1.0
,,"(7, 6, 4, 1)",1.0
,,"(7, 6, 4, 2)",1.0
,,"(7, 6, 4, 3)",1.0
,,"(7, 6, 4, 4)",1.0
,,"(7, 6, 4, 5)",1.0
,,"(7, 6, 4, 6)",1.0
,,"(7, 6, 4, 7)",1.0
,,"(7, 6, 5, 0)",1.0
,,"(7, 6, 5, 1)",1.0
,,"(7, 6, 5, 2)",1.0
,,"(7, 6, 5, 3)",1.0
,,"(7, 6, 5, 4)",1.0
,,"(7, 6, 5, 5)",1.0
,,"(7, 6, 5, 6)",1.0
,,"(7, 6, 5, 7)",1.0
,,"(7, 6, 6, 0)",1.0
,,"(7, 6, 6, 1)",1.0
,,"(7, 6, 6, 2)",1.0
,,"(7, 6, 6, 3)",1.0
,,"(7, 6, 6, 4)",1.0
,,"(7, 6, 6, 5)",1.0
,,"(7, 6, 6, 6)",1.0
,,"(7, 6, 6, 7)",1.0
,,"(7, 6, 7, 0)",1.0
,,"(7, 6, 7, 1)",1.0
,,"(7, 6, 7, 2)",1.0
,,"(7, 6, 7, 3)",1.0
,,"(7, 6, 7, 4)",1.0
,,"(7, 6, 7, 5)",1.0
,,"(7, 6, 7, 6)",1.0
,,"(7, 6, 7, 7)",1.0
,,"(7, 7, 0, 0)",1.0
,,"(7, 7, 0, 1)",1.0
,,"(7, 7, 0, 2)",1.0
,,"(7, 7, 0, 3)",1.0
,,"(7, 7, 0, 4)",1.0
,,"(7, 7, 0, 5)",1.0
,,"(7, 7, 0, 6)",1.0
,,"(7, 7, 0, 7)",1.0
,,"(7, 7, 1, 0)",1.0
,,"(7, 7, 1, 1)",1.0
,,"(7, 7, 1, 2)",1.0
,,"(7, 7, 1, 3)",1.0
,,"(7, 7, 1, 4)",1.0
,,"(7, 7, 1, 5)",1.0
,,"(7, 7, 1, 6)",1.0
,,"(7, 7, 1, 7)",1.0
,,"(7, 7, 2, 0)",1.0
,,"(7, 7, 2, 1)",1.0
,,"(7, 7, 2, 2)",1.0
,,"(7, 7, 2, 3)",1.0
,,"(7, 7, 2, 4)",1.0
,,"(7, 7, 2, 5)",1.0
,,"(7, 7, 2, 6)",1.0
,,"(7, 7, 2, 7)",1.0
,,"(7, 7, 3, 0)",1.0
,,"(7, 7, 3, 1)",1.0
,,"(7, 7, 3, 2)",1.0
,,"(7, 7, 3, 3)",1.0
,,"(7, 7, 3, 4)",1.0
,,"(7, 7, 3, 5)",1.0
,,"(7, 7, 3, 6)",1.0
,,"(7, 7, 3, 7)",1.0
,,"(7, 7, 4, 0)",1.0
,,"(7, 7, 4, 1)",1.0
,,"(7, 7, 4, 2)",1.0
,,"(7, 7, 4, 3)",1.0
,,"(7, 7, 4, 4)",1.0
,,"(7, 7, 4, 5)",1.0
,,"(7, 7, 4, 6)",1.0
,,"(7, 7, 4, 7)",1.0
,,"(7, 7, 5, 0)",1.0
,,"(7, 7, 5, 1)",1.0
,,"(7, 7, 5, 2)",1.0
,,"(7, 7, 5, 3)",1.0
,,"(7, 7, 5, 4)",1.0
,,"(7, 7, 5, 5)",1.0
,,"(7, 7, 5, 6)",1.0
,,"(7, 7, 5, 7)",1.0
,,"(7, 7, 6, 0)",1.0
,,"(7, 7, 6, 1)",1.0
,,"(7, 7, 6, 2)",1.0
,,"(7, 7, 6, 3)",1.0
,,"(7, 7, 6, 4)",1.0
,,"(7, 7, 6, 5)",1.0
,,"(7, 7, 6, 6)",1.0
,,"(7, 7, 6, 7)",1.0
,,"(7, 7, 7, 0)",1.0
,,"(7, 7, 7, 1)",1.0
,,"(7, 7, 7, 2)",1.0
,,"(7, 7, 7, 3)",1.0
,,"(7, 7, 7, 4)",1.0
,,"(7, 7, 7, 5)",1.0
,,"(7, 7, 7, 6)",1.0
,,"(7, 7, 7, 7)",1.0
